Timestamp;L239 SB - Engine RPM [RPM];L239 SB - Cool Temp [°C];L239 SB - Run Hours [h];L239 SB - Oil Press [bar];L239 SB - Battery Volt [V];L239 SB - Fuel Rate [L/h];L239 SB - Load [%];L239 SB - Ground Speed [km/h];L239 SB - ActualTrq [%];L239 SB - Boost Press [bar];L239 SB - Intake Temp [°C];L239 SB - TotalConsumpt [L];L239 SB - TripConsumpt [L];
2015-10-01 00:00:00;-;-;7034;-;-;-;-;-;-;-;-;-;-;
2015-10-01 00:42:32;1686;75;7034;5.16;27.6;-;-;38.3;-;-;-;-;3.1;
2015-10-01 00:42:34;-;-;7034;-;-;69.2;88;-;84;1.32;78;31557.1;-;
2015-10-01 01:00:00;-;-;7034;-;-;-;-;-;-;-;-;-;-;
2015-10-01 01:42:29;0;-;7034;-;27;-;-;0;-;-;-;-;0;
2015-10-01 01:42:31;0;-;7034;-;27;-;-;0;-;-;-;31603;0;
2015-10-01 02:00:00;0;-;7034;-;27;-;-;0;-;-;-;31603;0;
2015-10-01 02:42:29;0;-;7034;-;27;-;-;0;-;-;-;31603;0;
2015-10-01 02:42:31;0;-;7034;-;27;-;-;0;-;-;-;31603;0;
2015-10-01 03:00:00;0;-;7034;-;27;-;-;0;-;-;-;31603;0;
2015-10-01 03:42:29;0;-;7034;-;27;-;-;0;-;-;-;31603;0;
2015-10-01 03:42:30;0;-;7034;-;27;-;-;0;-;-;-;31603;0;
2015-10-01 03:42:31;-;-;-;-;-;-;-;-;-;-;-;31603;-;
2015-10-01 04:42:46;1670;76;7035;4.52;27.5;-;-;37.4;-;-;-;-;21.1;
2015-10-01 04:42:47;-;-;7035;-;-;71.9;92;-;88;1.3;82;31624.1;-;
2015-10-01 05:42:20;0;-;7035;-;29;-;-;0;-;-;-;-;0;
2015-10-01 05:42:21;-;-;-;-;-;-;-;-;-;-;-;31650.1;-;
2015-10-01 06:42:27;648;73;7036;2.44;27.7;-;-;5.4;-;-;-;-;14.2;
2015-10-01 06:42:28;-;-;7036;-;-;2.2;13;-;6;0.04;70;31664.4;-;
2015-10-01 07:42:19;0;-;7036;-;25.2;-;-;0;-;-;-;-;0;
2015-10-01 07:42:20;0;-;7036;-;25.2;-;-;0;-;-;-;31680.4;0;
2015-10-01 07:42:27;0;-;7036;-;25.2;-;-;0;-;-;-;31680.4;0;
2015-10-01 08:42:19;0;-;7036;-;25.2;-;-;0;-;-;-;31680.4;0;
2015-10-01 08:42:20;0;-;7036;-;25.2;-;-;0;-;-;-;31680.4;0;
2015-10-01 08:42:27;0;-;7036;-;25.2;-;-;0;-;-;-;31680.4;0;
2015-10-01 08:42:31;0;-;7036;-;25.2;-;-;0;-;-;-;31680.4;0;
2015-10-01 08:42:32;-;-;7036;-;-;-;-;-;-;-;-;31680.4;-;
2015-10-01 09:42:16;1747;76;7036;4.72;27.4;-;-;39.8;-;-;-;-;13.8;
2015-10-01 09:42:17;-;-;-;-;-;74.7;94;-;88;1.42;86;31694.2;-;
2015-10-01 10:42:21;647;73;7037;3.04;27.6;-;-;0;-;-;-;-;42.1;
2015-10-01 10:42:22;-;-;-;-;-;1.7;10;-;5;0.02;41;31722.5;-;
2015-10-01 11:42:25;1663;76;7038;4.6;27.5;-;-;35.5;-;-;-;-;65.7;
2015-10-01 11:42:26;-;-;-;-;-;67.4;100;-;84;1.18;81;31746.1;-;
2015-10-01 12:42:24;0;-;7039;-;26.9;-;-;0;-;-;-;-;0;
2015-10-01 12:42:25;-;-;7039;-;-;-;-;-;-;-;-;31760.4;-;
2015-10-01 13:42:20;1607;76;7039;4.52;27.4;-;-;35.5;-;-;-;-;21.8;
2015-10-01 13:42:22;-;-;-;-;-;64.4;95;-;82;1.12;82;31782.3;-;
2015-10-01 14:42:23;0;-;7040;-;28.9;-;-;0;-;-;-;-;0;
2015-10-01 14:42:24;0;-;7040;-;28.9;-;-;0;-;-;-;31814.9;0;
2015-10-01 15:42:23;0;-;7040;-;28.9;-;-;0;-;-;-;31814.9;0;
2015-10-01 15:42:24;0;-;7040;-;28.9;-;-;0;-;-;-;31814.9;0;
2015-10-01 15:42:25;0;-;7040;-;28.9;-;-;0;-;-;-;31814.9;0;
2015-10-01 15:42:27;-;-;-;-;-;-;-;-;-;-;-;31814.9;-;
2015-10-01 16:42:17;1697;76;7041;4.6;27.4;-;-;37.8;-;-;-;-;32.8;
2015-10-01 16:42:19;-;-;-;-;-;72.8;93;-;88;1.36;84;31847.8;-;
2015-10-01 17:42:29;866;74;7042;3;27.6;-;-;17.7;-;-;-;-;66.8;
2015-10-01 17:42:30;-;-;7042;-;-;13.1;58;-;27;0.14;72;31881.8;-;
2015-10-01 18:42:29;-;-;7042;-;-;-;-;-;-;-;-;-;-;
2015-10-01 18:42:38;0;-;7042;-;26.9;-;-;0;-;-;-;-;0;
2015-10-01 18:42:39;-;-;7042;-;-;-;-;-;-;-;-;31905.1;-;
2015-10-01 19:42:24;1803;76;7042;4.8;27.5;-;-;43.1;-;-;-;-;7.3;
2015-10-01 19:42:26;-;-;-;-;-;80.8;100;-;91;1.58;92;31912.5;-;
2015-10-01 20:42:30;633;73;7043;2.92;27.6;-;-;2.8;-;-;-;-;34.6;
2015-10-01 20:42:32;-;-;-;-;-;7.4;43;-;22;0.06;41;31939.8;-;
2015-10-01 21:42:26;0;-;7044;-;28.9;-;-;0;-;-;-;-;0;
2015-10-01 21:42:27;0;-;7044;-;28.9;-;-;0;-;-;-;31966.2;0;
2015-10-01 22:42:24;0;-;7044;-;28.9;-;-;0;-;-;-;31966.2;0;
2015-10-01 22:42:25;-;-;7044;-;-;-;-;-;-;-;-;31966.2;-;
2015-10-01 22:42:26;-;-;7044;-;-;-;-;-;-;-;-;-;-;
2015-10-01 23:42:24;1712;76;7044;4.6;27.4;-;-;39.2;-;-;-;-;20.9;
2015-10-01 23:42:26;-;-;-;-;-;70.3;93;-;86;1.3;83;31987.2;-;
2015-10-02 00:42:34;0;-;7045;-;28.9;-;-;0;-;-;-;-;0;
2015-10-02 00:42:35;0;-;7045;-;28.9;-;-;0;-;-;-;32012.3;0;
2015-10-02 01:42:31;0;-;7045;-;28.9;-;-;0;-;-;-;32012.3;0;
2015-10-02 01:42:34;0;-;7045;-;28.9;-;-;-;-;-;-;32012.3;0;
2015-10-02 01:42:35;0;-;7045;-;28.9;-;-;-;-;-;-;32012.3;0;
2015-10-02 02:42:31;0;-;7045;-;28.9;-;-;0.1;-;-;-;32012.3;0;
2015-10-02 02:42:34;0;-;7045;-;28.9;-;-;-;-;-;-;32012.3;0;
2015-10-02 02:42:35;0;-;7045;-;28.9;-;-;-;-;-;-;32012.3;0;
2015-10-02 03:42:23;0;-;7045;-;28.9;-;-;0;-;-;-;32012.3;0;
2015-10-02 03:42:34;0;-;7045;-;-;-;-;-;-;-;-;32012.3;0;
2015-10-02 03:42:35;0;-;7045;-;-;-;-;-;-;-;-;32012.3;0;
2015-10-02 04:42:25;0;-;7045;-;29;-;-;0.1;-;-;-;32012.3;0;
2015-10-02 04:42:34;0;-;7045;-;29;-;-;0.1;-;-;-;32012.3;0;
2015-10-02 04:42:35;0;-;7045;-;29;-;-;0.1;-;-;-;32012.3;0;
2015-10-02 05:42:21;0;-;7045;-;29;-;-;0.1;-;-;-;32012.3;0;
2015-10-02 05:42:22;-;-;7045;-;-;-;-;-;-;-;-;32012.3;-;
2015-10-02 05:42:34;-;-;7045;-;-;-;-;-;-;-;-;-;-;
2015-10-02 06:42:21;1542;75;7045;4.92;27.7;-;-;32.5;-;-;-;-;5;
2015-10-02 06:42:23;-;-;-;-;-;58;88;-;77;1.02;70;32017.4;-;
2015-10-02 07:42:29;0;-;7046;-;27;-;-;0.1;-;-;-;-;0;
2015-10-02 07:42:31;0;-;7046;-;27;-;-;0.1;-;-;-;32047.9;0;
2015-10-02 08:42:24;0;-;7046;-;27;-;-;0.1;-;-;-;32047.9;0;
2015-10-02 08:42:29;0;-;7046;-;27;-;-;-;-;-;-;32047.9;0;
2015-10-02 08:42:31;0;-;7046;-;27;-;-;-;-;-;-;32047.9;0;
2015-10-02 09:42:29;0;-;7046;-;27;-;-;-;-;-;-;32047.9;0;
2015-10-02 09:42:31;0;-;7046;-;27;-;-;-;-;-;-;32047.9;0;
2015-10-02 09:42:34;0;-;7046;-;27;-;-;0;-;-;-;32047.9;0;
2015-10-02 10:42:22;0;-;7046;-;27;-;-;0.1;-;-;-;32047.9;0;
2015-10-02 10:42:29;0;-;7046;-;27;-;-;0.1;-;-;-;32047.9;0;
2015-10-02 10:42:31;0;-;7046;-;27;-;-;0.1;-;-;-;32047.9;0;
2015-10-02 11:42:22;0;-;7046;-;27;-;-;0.1;-;-;-;32047.9;0;
2015-10-02 11:42:23;0;-;7046;-;27;-;-;0.1;-;-;-;32047.9;0;
2015-10-02 11:42:29;0;-;7046;-;27;-;-;-;-;-;-;32047.9;0;
2015-10-02 11:42:31;0;-;7046;-;27;-;-;-;-;-;-;32047.9;0;
2015-10-02 12:42:24;0;-;7046;-;27;-;-;0;-;-;-;32047.9;0;
2015-10-02 12:42:29;0;-;7046;-;27;-;-;0;-;-;-;32047.9;0;
2015-10-02 12:42:31;0;-;7046;-;27;-;-;0;-;-;-;32047.9;0;
2015-10-02 13:42:24;0;-;7046;-;27;-;-;0;-;-;-;32047.9;0;
2015-10-02 13:42:29;0;-;7046;-;27;-;-;0;-;-;-;32047.9;0;
2015-10-02 13:42:31;0;-;7046;-;27;-;-;0;-;-;-;32047.9;0;
2015-10-02 14:42:24;0;-;7046;-;27;-;-;0;-;-;-;32047.9;0;
2015-10-02 14:42:29;0;-;7046;-;27;-;-;0;-;-;-;32047.9;0;
2015-10-02 14:42:31;0;-;7046;-;27;-;-;0;-;-;-;32047.9;0;
2015-10-02 15:42:24;0;-;7046;-;27;-;-;0;-;-;-;32047.9;0;
2015-10-02 15:42:29;0;-;7046;-;27;-;-;0;-;-;-;32047.9;0;
2015-10-02 15:42:31;0;-;7046;-;27;-;-;0;-;-;-;32047.9;0;
2015-10-02 16:42:26;0;-;7046;-;27;-;-;0.2;-;-;-;32047.9;0;
2015-10-02 16:42:29;0;-;7046;-;27;-;-;-;-;-;-;32047.9;0;
2015-10-02 16:42:31;0;-;7046;-;27;-;-;-;-;-;-;32047.9;0;
2015-10-02 17:42:22;0;-;7046;-;27;-;-;0;-;-;-;32047.9;0;
2015-10-02 17:42:29;0;-;7046;-;27;-;-;-;-;-;-;32047.9;0;
2015-10-02 17:42:31;0;-;7046;-;27;-;-;-;-;-;-;32047.9;0;
2015-10-02 18:42:28;0;-;7046;-;27;-;-;0.1;-;-;-;32047.9;0;
2015-10-02 18:42:29;0;-;7046;-;27;-;-;-;-;-;-;32047.9;0;
2015-10-02 18:42:31;0;-;7046;-;27;-;-;-;-;-;-;32047.9;0;
2015-10-02 19:42:29;0;-;7046;-;27;-;-;-;-;-;-;32047.9;0;
2015-10-02 19:42:30;0;-;7046;-;27;-;-;0;-;-;-;32047.9;0;
2015-10-02 19:42:31;0;-;7046;-;27;-;-;0;-;-;-;32047.9;0;
2015-10-02 20:42:29;0;-;7046;-;27;-;-;0;-;-;-;32047.9;0;
2015-10-02 20:42:31;0;-;7046;-;27;-;-;-;-;-;-;32047.9;0;
2015-10-02 21:42:29;0;-;7046;-;27;-;-;-;-;-;-;32047.9;0;
2015-10-02 21:42:31;0;-;7046;-;27;-;-;-;-;-;-;32047.9;0;
2015-10-02 21:42:42;0;-;7046;-;27;-;-;0.2;-;-;-;32047.9;0;
2015-10-02 22:42:24;0;-;7046;-;27;-;-;0.2;-;-;-;32047.9;0;
2015-10-02 22:42:29;0;-;7046;-;27;-;-;-;-;-;-;32047.9;0;
2015-10-02 22:42:31;0;-;7046;-;27;-;-;-;-;-;-;32047.9;0;
2015-10-02 23:42:29;0;-;7046;-;27;-;-;-;-;-;-;32047.9;0;
2015-10-02 23:42:31;0;-;7046;-;27;-;-;-;-;-;-;32047.9;0;
2015-10-02 23:42:44;0;-;7046;-;27;-;-;0;-;-;-;32047.9;0;
2015-10-03 00:42:29;0;-;7046;-;27;-;-;0;-;-;-;32047.9;0;
2015-10-03 00:42:30;0;-;7046;-;27;-;-;0;-;-;-;32047.9;0;
2015-10-03 00:42:31;-;-;7046;-;-;-;-;-;-;-;-;32047.9;-;
2015-10-03 00:42:32;-;-;7046;-;-;-;-;-;-;-;-;32047.9;-;
2015-10-03 01:42:25;1417;75;7046;4.6;27.5;-;-;25.4;-;-;-;-;24.6;
2015-10-03 01:42:26;-;-;-;-;-;51.5;88;-;69;0.86;67;32072.6;-;
2015-10-03 02:42:27;0;-;7047;-;29;-;-;0.1;-;-;-;-;0;
2015-10-03 02:42:28;0;-;7047;-;29;-;-;0.1;-;-;-;32095.8;0;
2015-10-03 03:42:27;0;-;7047;-;29;-;-;0.1;-;-;-;32095.8;0;
2015-10-03 03:42:28;0;-;7047;-;29;-;-;0.1;-;-;-;32095.8;0;
2015-10-03 03:42:29;0;-;7047;-;29;-;-;0.1;-;-;-;32095.8;0;
2015-10-03 04:42:27;0;-;7047;-;29;-;-;-;-;-;-;32095.8;0;
2015-10-03 04:42:28;0;-;7047;-;29;-;-;-;-;-;-;32095.8;0;
2015-10-03 04:42:29;0;-;7047;-;29;-;-;0;-;-;-;32095.8;0;
2015-10-03 05:42:27;0;-;7047;-;29;-;-;0;-;-;-;32095.8;0;
2015-10-03 05:42:28;0;-;7047;-;29;-;-;0;-;-;-;32095.8;0;
2015-10-03 05:42:29;0;-;7047;-;29;-;-;0;-;-;-;32095.8;0;
2015-10-03 06:42:27;0;-;7047;-;29;-;-;0;-;-;-;32095.8;0;
2015-10-03 06:42:28;0;-;7047;-;29;-;-;0;-;-;-;32095.8;0;
2015-10-03 06:42:29;0;-;7047;-;29;-;-;0;-;-;-;32095.8;0;
2015-10-03 06:42:31;-;-;7047;-;-;-;-;-;-;-;-;32095.8;-;
2015-10-03 07:42:27;-;-;7047;-;-;-;-;-;-;-;-;-;-;
2015-10-03 07:42:28;1433;74;7047;5.24;27.8;-;-;31.9;-;-;-;-;1.4;
2015-10-03 07:42:30;-;-;-;-;-;45.9;83;-;63;0.76;63;32097.3;-;
2015-10-03 08:42:19;0;-;7048;-;27;-;-;0;-;-;-;-;0;
2015-10-03 08:42:21;0;-;7048;-;27;-;-;0;-;-;-;32134.9;0;
2015-10-03 09:42:19;0;-;7048;-;27;-;-;0;-;-;-;32134.9;0;
2015-10-03 09:42:21;0;-;7048;-;27;-;-;0;-;-;-;32134.9;0;
2015-10-03 10:42:19;0;-;7048;-;27;-;-;0;-;-;-;32134.9;0;
2015-10-03 10:42:21;0;-;7048;-;27;-;-;0;-;-;-;32134.9;0;
2015-10-03 11:42:19;0;-;7048;-;27;-;-;0;-;-;-;32134.9;0;
2015-10-03 11:42:21;0;-;7048;-;27;-;-;0;-;-;-;32134.9;0;
2015-10-03 11:42:35;0;-;7048;-;27;-;-;0;-;-;-;32134.9;0;
2015-10-03 12:42:19;0;-;7048;-;27;-;-;-;-;-;-;32134.9;0;
2015-10-03 12:42:21;0;-;7048;-;27;-;-;-;-;-;-;32134.9;0;
2015-10-03 12:42:36;0;-;7048;-;27;-;-;0.1;-;-;-;32134.9;0;
2015-10-03 13:42:19;0;-;7048;-;27;-;-;-;-;-;-;32134.9;0;
2015-10-03 13:42:21;0;-;7048;-;27;-;-;-;-;-;-;32134.9;0;
2015-10-03 13:42:22;0;-;7048;-;27;-;-;0;-;-;-;32134.9;0;
2015-10-03 14:42:19;0;-;7048;-;27;-;-;0;-;-;-;32134.9;0;
2015-10-03 14:42:21;0;-;7048;-;27;-;-;0;-;-;-;32134.9;0;
2015-10-03 14:42:22;0;-;7048;-;27;-;-;0;-;-;-;32134.9;0;
2015-10-03 15:42:19;0;-;7048;-;27;-;-;0;-;-;-;32134.9;0;
2015-10-03 15:42:21;0;-;7048;-;27;-;-;0;-;-;-;32134.9;0;
2015-10-03 15:42:22;0;-;7048;-;27;-;-;0;-;-;-;32134.9;0;
2015-10-03 16:42:19;0;-;7048;-;27;-;-;0;-;-;-;32134.9;0;
2015-10-03 16:42:21;0;-;7048;-;27;-;-;0;-;-;-;32134.9;0;
2015-10-03 16:42:22;0;-;7048;-;27;-;-;0;-;-;-;32134.9;0;
2015-10-03 17:42:19;0;-;7048;-;27;-;-;0;-;-;-;32134.9;0;
2015-10-03 17:42:21;0;-;7048;-;27;-;-;0;-;-;-;32134.9;0;
2015-10-03 17:42:22;0;-;7048;-;27;-;-;0;-;-;-;32134.9;0;
2015-10-03 18:42:19;0;-;7048;-;27;-;-;0;-;-;-;32134.9;0;
2015-10-03 18:42:21;0;-;7048;-;27;-;-;0;-;-;-;32134.9;0;
2015-10-03 18:42:22;0;-;7048;-;27;-;-;0;-;-;-;32134.9;0;
2015-10-03 19:42:19;0;-;7048;-;27;-;-;0;-;-;-;32134.9;0;
2015-10-03 19:42:21;0;-;7048;-;27;-;-;0;-;-;-;32134.9;0;
2015-10-03 19:42:22;0;-;7048;-;27;-;-;0;-;-;-;32134.9;0;
2015-10-03 20:42:19;0;-;7048;-;27;-;-;0;-;-;-;32134.9;0;
2015-10-03 20:42:21;0;-;7048;-;27;-;-;0;-;-;-;32134.9;0;
2015-10-03 20:42:22;0;-;7048;-;27;-;-;0;-;-;-;32134.9;0;
2015-10-03 21:42:19;0;-;7048;-;27;-;-;0;-;-;-;32134.9;0;
2015-10-03 21:42:21;0;-;7048;-;27;-;-;0;-;-;-;32134.9;0;
2015-10-03 21:42:22;0;-;7048;-;27;-;-;0;-;-;-;32134.9;0;
2015-10-03 22:42:19;0;-;7048;-;27;-;-;0;-;-;-;32134.9;0;
2015-10-03 22:42:21;0;-;7048;-;27;-;-;0;-;-;-;32134.9;0;
2015-10-03 22:42:22;0;-;7048;-;27;-;-;0;-;-;-;32134.9;0;
2015-10-03 23:42:19;0;-;7048;-;27;-;-;0;-;-;-;32134.9;0;
2015-10-03 23:42:21;0;-;7048;-;27;-;-;0;-;-;-;32134.9;0;
2015-10-03 23:42:22;0;-;7048;-;27;-;-;0;-;-;-;32134.9;0;
2015-10-04 00:42:19;0;-;7048;-;27;-;-;0;-;-;-;32134.9;0;
2015-10-04 00:42:21;0;-;7048;-;27;-;-;0;-;-;-;32134.9;0;
2015-10-04 00:42:22;0;-;7048;-;27;-;-;0;-;-;-;32134.9;0;
2015-10-04 01:42:19;0;-;7048;-;27;-;-;0;-;-;-;32134.9;0;
2015-10-04 01:42:21;0;-;7048;-;27;-;-;0;-;-;-;32134.9;0;
2015-10-04 01:42:22;0;-;7048;-;27;-;-;0;-;-;-;32134.9;0;
2015-10-04 02:42:19;0;-;7048;-;27;-;-;0;-;-;-;32134.9;0;
2015-10-04 02:42:21;0;-;7048;-;27;-;-;0;-;-;-;32134.9;0;
2015-10-04 02:42:22;0;-;7048;-;27;-;-;0;-;-;-;32134.9;0;
2015-10-04 03:42:19;0;-;7048;-;27;-;-;0;-;-;-;32134.9;0;
2015-10-04 03:42:21;0;-;7048;-;27;-;-;0;-;-;-;32134.9;0;
2015-10-04 03:42:22;0;-;7048;-;27;-;-;0;-;-;-;32134.9;0;
2015-10-04 04:42:19;0;-;7048;-;27;-;-;0;-;-;-;32134.9;0;
2015-10-04 04:42:21;0;-;7048;-;27;-;-;0;-;-;-;32134.9;0;
2015-10-04 04:42:22;0;-;7048;-;27;-;-;0;-;-;-;32134.9;0;
2015-10-04 05:42:19;0;-;7048;-;27;-;-;0;-;-;-;32134.9;0;
2015-10-04 05:42:21;0;-;7048;-;27;-;-;0;-;-;-;32134.9;0;
2015-10-04 05:42:22;0;-;7048;-;27;-;-;0;-;-;-;32134.9;0;
2015-10-04 05:42:30;0;-;7048;-;27;-;-;0;-;-;-;32134.9;0;
2015-10-04 06:42:19;0;-;7048;-;27;-;-;-;-;-;-;32134.9;0;
2015-10-04 06:42:21;0;-;7048;-;27;-;-;0.1;-;-;-;32134.9;0;
2015-10-04 07:42:19;0;-;7048;-;27;-;-;-;-;-;-;32134.9;0;
2015-10-04 07:42:21;0;-;7048;-;27;-;-;-;-;-;-;32134.9;0;
2015-10-04 07:42:26;0;-;7048;-;27;-;-;0;-;-;-;32134.9;0;
2015-10-04 08:42:19;0;-;7048;-;27;-;-;0;-;-;-;32134.9;0;
2015-10-04 08:42:21;0;-;7048;-;27;-;-;0;-;-;-;32134.9;0;
2015-10-04 08:42:26;0;-;7048;-;27;-;-;0;-;-;-;32134.9;0;
2015-10-04 09:42:19;0;-;7048;-;27;-;-;0;-;-;-;32134.9;0;
2015-10-04 09:42:21;0;-;7048;-;27;-;-;0;-;-;-;32134.9;0;
2015-10-04 09:42:26;0;-;7048;-;27;-;-;0;-;-;-;32134.9;0;
2015-10-04 10:42:19;0;-;7048;-;27;-;-;0;-;-;-;32134.9;0;
2015-10-04 10:42:21;0;-;7048;-;27;-;-;0;-;-;-;32134.9;0;
2015-10-04 10:42:26;0;-;7048;-;27;-;-;0;-;-;-;32134.9;0;
2015-10-04 10:42:29;0;-;7048;-;27;-;-;0;-;-;-;32134.9;0;
2015-10-04 10:42:31;-;-;-;-;-;-;-;-;-;-;-;32134.9;-;
2015-10-04 11:42:27;649;75;7049;2.12;27.6;-;-;11.4;-;-;-;-;43.8;
2015-10-04 11:42:28;-;-;7049;-;-;5.3;30;-;16;0.06;72;32178.7;-;
2015-10-04 12:42:26;0;-;7049;-;27;-;-;0;-;-;-;-;0;
2015-10-04 12:42:27;0;-;7049;-;27;-;-;0;-;-;-;-;0;
2015-10-04 12:42:28;0;-;7049;-;27;-;-;0;-;-;-;32179;0;
2015-10-04 13:42:26;0;-;7049;-;27;-;-;0;-;-;-;32179;0;
2015-10-04 13:42:27;0;-;7049;-;27;-;-;0;-;-;-;32179;0;
2015-10-04 13:42:28;0;-;7049;-;27;-;-;0;-;-;-;32179;0;
2015-10-04 14:42:26;0;-;7049;-;27;-;-;0;-;-;-;32179;0;
2015-10-04 14:42:27;0;-;7049;-;27;-;-;0;-;-;-;32179;0;
2015-10-04 14:42:28;0;-;7049;-;27;-;-;0;-;-;-;32179;0;
2015-10-04 15:42:26;0;-;7049;-;27;-;-;0;-;-;-;32179;0;
2015-10-04 15:42:27;0;-;7049;-;27;-;-;0;-;-;-;32179;0;
2015-10-04 15:42:28;0;-;7049;-;27;-;-;0;-;-;-;32179;0;
2015-10-04 16:42:26;0;-;7049;-;27;-;-;0;-;-;-;32179;0;
2015-10-04 16:42:27;0;-;7049;-;27;-;-;0;-;-;-;32179;0;
2015-10-04 16:42:28;0;-;7049;-;27;-;-;0;-;-;-;32179;0;
2015-10-04 17:42:26;0;-;7049;-;27;-;-;0;-;-;-;32179;0;
2015-10-04 17:42:27;0;-;7049;-;27;-;-;0;-;-;-;32179;0;
2015-10-04 17:42:28;0;-;7049;-;27;-;-;0;-;-;-;32179;0;
2015-10-04 18:42:26;0;-;7049;-;27;-;-;0;-;-;-;32179;0;
2015-10-04 18:42:27;0;-;7049;-;27;-;-;0;-;-;-;32179;0;
2015-10-04 18:42:28;0;-;7049;-;27;-;-;0;-;-;-;32179;0;
2015-10-04 19:42:26;0;-;7049;-;27;-;-;0;-;-;-;32179;0;
2015-10-04 19:42:27;0;-;7049;-;27;-;-;0;-;-;-;32179;0;
2015-10-04 19:42:28;0;-;7049;-;27;-;-;0;-;-;-;32179;0;
2015-10-04 19:42:33;0;-;7049;-;27;-;-;0;-;-;-;32179;0;
2015-10-04 20:42:26;0;-;7049;-;-;-;-;0;-;-;-;32179;0;
2015-10-04 20:42:27;0;-;7049;-;-;-;-;0;-;-;-;32179;0;
2015-10-04 20:42:28;0;-;7049;-;-;-;-;0;-;-;-;32179;0;
2015-10-04 20:42:29;0;-;7049;-;27.1;-;-;0;-;-;-;32179;0;
2015-10-04 21:42:25;0;-;7049;-;27;-;-;0.1;-;-;-;32179;0;
2015-10-04 21:42:26;0;-;7049;-;27;-;-;-;-;-;-;32179;0;
2015-10-04 21:42:27;0;-;7049;-;27;-;-;-;-;-;-;32179;0;
2015-10-04 21:42:28;0;-;7049;-;27;-;-;-;-;-;-;32179;0;
2015-10-04 22:42:25;0;-;7049;-;27;-;-;-;-;-;-;32179;0;
2015-10-04 22:42:26;0;-;7049;-;27;-;-;0;-;-;-;32179;0;
2015-10-04 22:42:27;0;-;7049;-;27;-;-;0;-;-;-;32179;0;
2015-10-04 22:42:28;0;-;7049;-;27;-;-;0;-;-;-;32179;0;
2015-10-04 23:42:25;0;-;7049;-;27;-;-;0;-;-;-;32179;0;
2015-10-04 23:42:26;0;-;7049;-;27;-;-;0;-;-;-;32179;0;
2015-10-04 23:42:27;0;-;7049;-;27;-;-;0;-;-;-;32179;0;
2015-10-04 23:42:28;0;-;7049;-;27;-;-;0;-;-;-;32179;0;
2015-10-05 00:42:25;0;-;7049;-;27;-;-;0;-;-;-;32179;0;
2015-10-05 00:42:26;0;-;7049;-;27;-;-;0;-;-;-;32179;0;
2015-10-05 00:42:27;0;-;7049;-;27;-;-;0;-;-;-;32179;0;
2015-10-05 00:42:28;0;-;7049;-;27;-;-;0;-;-;-;32179;0;
2015-10-05 01:42:25;0;-;7049;-;27;-;-;0;-;-;-;32179;0;
2015-10-05 01:42:26;0;-;7049;-;27;-;-;0;-;-;-;32179;0;
2015-10-05 01:42:27;0;-;7049;-;27;-;-;0;-;-;-;32179;0;
2015-10-05 01:42:28;0;-;7049;-;27;-;-;0;-;-;-;32179;0;
2015-10-05 02:42:25;0;-;7049;-;27;-;-;0;-;-;-;32179;0;
2015-10-05 02:42:26;0;-;7049;-;27;-;-;0;-;-;-;32179;0;
2015-10-05 02:42:27;0;-;7049;-;27;-;-;0;-;-;-;32179;0;
2015-10-05 02:42:28;0;-;7049;-;27;-;-;0;-;-;-;32179;0;
2015-10-05 03:42:25;0;-;7049;-;27;-;-;0;-;-;-;32179;0;
2015-10-05 03:42:26;0;-;7049;-;27;-;-;0;-;-;-;32179;0;
2015-10-05 03:42:27;0;-;7049;-;27;-;-;0;-;-;-;32179;0;
2015-10-05 03:42:28;-;-;7049;-;-;-;-;-;-;-;-;32179;-;
2015-10-05 04:42:26;1063;72;7049;5.12;27.9;-;-;18.6;-;-;-;-;0.7;
2015-10-05 04:42:28;-;-;-;-;-;23.8;75;-;38;0.3;34;32179.8;-;
2015-10-05 05:42:21;0;-;7050;-;29;-;-;0;-;-;-;-;0;
2015-10-05 05:42:22;0;-;7050;-;29;-;-;0;-;-;-;32226.2;0;
2015-10-05 06:42:21;0;-;7050;-;29;-;-;0;-;-;-;32226.2;0;
2015-10-05 06:42:22;0;-;7050;-;29;-;-;0;-;-;-;32226.2;0;
2015-10-05 07:42:21;0;-;7050;-;29;-;-;0;-;-;-;32226.2;0;
2015-10-05 07:42:22;0;-;7050;-;29;-;-;0;-;-;-;32226.2;0;
2015-10-05 07:42:31;0;-;7050;-;29;-;-;0;-;-;-;32226.2;0;
2015-10-05 07:42:32;0;-;7050;-;-;-;-;0;-;-;-;32226.2;0;
2015-10-05 08:42:21;0;-;7050;-;-;-;-;0;-;-;-;-;0;
2015-10-05 08:42:30;0;-;7050;-;26.8;-;-;0;-;-;-;-;0;
2015-10-05 08:42:32;0;-;7050;-;-;-;-;0;-;-;-;32241.6;0;
2015-10-05 09:42:21;0;-;7050;-;-;-;-;0;-;-;-;32241.6;0;
2015-10-05 09:42:32;0;-;7050;-;-;-;-;0;-;-;-;32241.6;0;
2015-10-05 09:42:33;0;-;7050;-;25.1;-;-;0;-;-;-;32241.6;0;
2015-10-05 09:42:34;0;-;7050;-;-;-;-;0;-;-;-;32241.6;0;
2015-10-05 10:42:21;0;-;7050;-;27;-;-;0;-;-;-;-;0;
2015-10-05 10:42:23;0;-;7050;-;27;-;-;0;-;-;-;32257.1;0;
2015-10-05 11:42:21;0;-;7050;-;27;-;-;0;-;-;-;32257.1;0;
2015-10-05 11:42:23;0;-;7050;-;27;-;-;0;-;-;-;32257.1;0;
2015-10-05 12:42:21;0;-;7050;-;27;-;-;0;-;-;-;32257.1;0;
2015-10-05 12:42:23;0;-;7050;-;27;-;-;0;-;-;-;32257.1;0;
2015-10-05 12:42:31;0;-;7050;-;27;-;-;0;-;-;-;32257.1;0;
2015-10-05 12:42:33;-;-;-;-;-;-;-;-;-;-;-;32257.1;-;
2015-10-05 13:42:33;1336;76;7051;4.28;27.5;-;-;25.2;-;-;-;-;24.7;
2015-10-05 13:42:35;-;-;7051;-;-;45;89;-;61;0.68;76;32281.9;-;
2015-10-05 14:42:28;0;-;7051;-;25.3;-;-;0;-;-;-;-;0;
2015-10-05 14:42:29;0;-;7051;-;-;-;-;-;-;-;-;32311.7;0;
2015-10-05 14:42:33;0;-;7051;-;-;-;-;-;-;-;-;32311.7;0;
2015-10-05 15:42:21;0;-;7051;-;25.1;-;-;0.1;-;-;-;32311.7;0;
2015-10-05 15:42:28;0;-;7051;-;25.1;-;-;-;-;-;-;32311.7;0;
2015-10-05 15:42:29;0;-;7051;-;25.1;-;-;-;-;-;-;32311.7;0;
2015-10-05 15:42:33;0;-;7051;-;25.1;-;-;-;-;-;-;32311.7;0;
2015-10-05 16:42:21;0;-;7051;-;25.1;-;-;-;-;-;-;32311.7;0;
2015-10-05 16:42:28;0;-;7051;-;25.1;-;-;-;-;-;-;32311.7;0;
2015-10-05 16:42:29;0;-;7051;-;25.1;-;-;-;-;-;-;32311.7;0;
2015-10-05 16:42:33;0;-;7051;-;25.1;-;-;0;-;-;-;32311.7;0;
2015-10-05 17:42:28;0;-;7051;-;-;-;-;-;-;-;-;32311.7;0;
2015-10-05 17:42:29;0;-;7051;-;28.9;-;-;0.1;-;-;-;32311.7;0;
2015-10-05 17:42:33;0;-;7051;-;-;-;-;-;-;-;-;32311.7;0;
2015-10-05 18:42:28;0;-;7051;-;-;-;-;-;-;-;-;32311.7;0;
2015-10-05 18:42:29;0;-;7051;-;-;-;-;-;-;-;-;32311.7;0;
2015-10-05 18:42:30;0;-;7051;-;29;-;-;0;-;-;-;32311.7;0;
2015-10-05 18:42:33;0;-;7051;-;29;-;-;0;-;-;-;32311.7;0;
2015-10-05 19:42:28;0;-;7051;-;29;-;-;0;-;-;-;32311.7;0;
2015-10-05 19:42:29;0;-;7051;-;29;-;-;0;-;-;-;32311.7;0;
2015-10-05 19:42:30;0;-;7051;-;29;-;-;0;-;-;-;32311.7;0;
2015-10-05 19:42:33;0;-;7051;-;29;-;-;0;-;-;-;32311.7;0;
2015-10-05 20:42:28;0;-;7051;-;29;-;-;0;-;-;-;32311.7;0;
2015-10-05 20:42:29;0;-;7051;-;29;-;-;0;-;-;-;32311.7;0;
2015-10-05 20:42:30;0;-;7051;-;29;-;-;0;-;-;-;32311.7;0;
2015-10-05 20:42:33;0;-;7051;-;29;-;-;0;-;-;-;32311.7;0;
2015-10-05 21:42:28;0;-;7051;-;29;-;-;0;-;-;-;32311.7;0;
2015-10-05 21:42:29;0;-;7051;-;29;-;-;0;-;-;-;32311.7;0;
2015-10-05 21:42:30;0;-;7051;-;29;-;-;0;-;-;-;32311.7;0;
2015-10-05 21:42:33;0;-;7051;-;29;-;-;0;-;-;-;32311.7;0;
2015-10-05 22:42:28;0;-;7051;-;29;-;-;0;-;-;-;32311.7;0;
2015-10-05 22:42:29;0;-;7051;-;29;-;-;0;-;-;-;32311.7;0;
2015-10-05 22:42:30;0;-;7051;-;29;-;-;0;-;-;-;32311.7;0;
2015-10-05 22:42:32;0;-;7051;-;29;-;-;0;-;-;-;32311.7;0;
2015-10-05 22:42:33;0;-;7051;-;-;-;-;0;-;-;-;32311.7;0;
2015-10-05 23:42:27;0;-;7051;-;27.1;-;-;0;-;-;-;32311.7;0;
2015-10-05 23:42:28;0;-;7051;-;-;-;-;0;-;-;-;32311.7;0;
2015-10-05 23:42:29;0;-;7051;-;-;-;-;0;-;-;-;32311.7;0;
2015-10-05 23:42:30;0;-;7051;-;-;-;-;0;-;-;-;32311.7;0;
2015-10-05 23:42:33;0;-;7051;-;-;-;-;0;-;-;-;32311.7;0;
2015-10-06 00:42:28;0;-;7051;-;-;-;-;0;-;-;-;32311.7;0;
2015-10-06 00:42:29;0;-;7051;-;-;-;-;0;-;-;-;32311.7;0;
2015-10-06 00:42:30;0;-;7051;-;-;-;-;0;-;-;-;32311.7;0;
2015-10-06 00:42:33;0;-;7051;-;-;-;-;0;-;-;-;32311.7;0;
2015-10-06 00:42:39;0;-;7051;-;27;-;-;0;-;-;-;32311.7;0;
2015-10-06 01:42:28;0;-;7051;-;27;-;-;0;-;-;-;32311.7;0;
2015-10-06 01:42:29;0;-;7051;-;27;-;-;0;-;-;-;32311.7;0;
2015-10-06 01:42:30;0;-;7051;-;27;-;-;0;-;-;-;32311.7;0;
2015-10-06 01:42:33;0;-;7051;-;27;-;-;0;-;-;-;32311.7;0;
2015-10-06 01:42:39;0;-;7051;-;27;-;-;0;-;-;-;32311.7;0;
2015-10-06 02:42:28;0;-;7051;-;27;-;-;0;-;-;-;32311.7;0;
2015-10-06 02:42:29;0;-;7051;-;27;-;-;0;-;-;-;32311.7;0;
2015-10-06 02:42:30;0;-;7051;-;27;-;-;0;-;-;-;32311.7;0;
2015-10-06 02:42:33;0;-;7051;-;27;-;-;0;-;-;-;32311.7;0;
2015-10-06 02:42:39;0;-;7051;-;27;-;-;0;-;-;-;32311.7;0;
2015-10-06 03:42:28;0;-;7051;-;27;-;-;0;-;-;-;32311.7;0;
2015-10-06 03:42:29;0;-;7051;-;27;-;-;0;-;-;-;32311.7;0;
2015-10-06 03:42:30;0;-;7051;-;27;-;-;0;-;-;-;32311.7;0;
2015-10-06 03:42:33;0;-;7051;-;27;-;-;0;-;-;-;32311.7;0;
2015-10-06 03:42:39;0;-;7051;-;27;-;-;0;-;-;-;32311.7;0;
2015-10-06 04:42:28;0;-;7051;-;27;-;-;0;-;-;-;32311.7;0;
2015-10-06 04:42:29;0;-;7051;-;27;-;-;0;-;-;-;32311.7;0;
2015-10-06 04:42:30;0;-;7051;-;27;-;-;0;-;-;-;32311.7;0;
2015-10-06 04:42:33;0;-;7051;-;27;-;-;0;-;-;-;32311.7;0;
2015-10-06 04:42:39;0;-;7051;-;27;-;-;0;-;-;-;32311.7;0;
2015-10-06 05:42:17;0;-;7051;-;27;-;-;0;-;-;-;32311.7;0;
2015-10-06 05:42:19;-;-;-;-;-;-;-;-;-;-;-;32311.7;-;
2015-10-06 06:42:23;1701;75;7052;4.88;27.6;-;-;37.5;-;-;-;-;9.5;
2015-10-06 06:42:25;-;-;7052;-;-;71.1;90;-;86;1.36;82;32321.3;-;
2015-10-06 07:42:23;-;-;7052;-;-;-;-;-;-;-;-;-;-;
2015-10-06 07:42:32;0;-;7052;-;27;-;-;0;-;-;-;-;0;
2015-10-06 07:42:33;0;-;7052;-;27;-;-;0;-;-;-;32343.3;0;
2015-10-06 08:42:23;0;-;7052;-;27;-;-;0;-;-;-;32343.3;0;
2015-10-06 08:42:32;0;-;7052;-;27;-;-;0;-;-;-;32343.3;0;
2015-10-06 08:42:33;0;-;7052;-;27;-;-;0;-;-;-;32343.3;0;
2015-10-06 09:42:23;0;-;7052;-;27;-;-;0;-;-;-;32343.3;0;
2015-10-06 09:42:32;0;-;7052;-;27;-;-;0;-;-;-;32343.3;0;
2015-10-06 09:42:33;0;-;7052;-;27;-;-;0;-;-;-;32343.3;0;
2015-10-06 10:42:23;0;-;7052;-;27;-;-;0;-;-;-;32343.3;0;
2015-10-06 10:42:25;0;-;7052;-;27;-;-;0;-;-;-;32343.3;0;
2015-10-06 10:42:27;-;-;-;-;-;-;-;-;-;-;-;32343.3;-;
2015-10-06 11:42:25;1020;74;7053;3.8;27.6;-;-;17.6;-;-;-;-;23.4;
2015-10-06 11:42:26;-;-;7053;-;-;20.9;71;-;35;0.26;66;32366.7;-;
2015-10-06 12:42:25;-;-;7053;-;-;-;-;-;-;-;-;-;-;
2015-10-06 12:42:32;0;-;7053;-;29;-;-;0;-;-;-;-;0;
2015-10-06 12:42:33;0;-;7053;-;29;-;-;0;-;-;-;32390.9;0;
2015-10-06 13:42:25;0;-;7053;-;29;-;-;0;-;-;-;32390.9;0;
2015-10-06 13:42:32;0;-;7053;-;29;-;-;0;-;-;-;32390.9;0;
2015-10-06 13:42:33;0;-;7053;-;29;-;-;0;-;-;-;32390.9;0;
2015-10-06 14:42:25;0;-;7053;-;29;-;-;0;-;-;-;32390.9;0;
2015-10-06 14:42:29;0;-;7053;-;29;-;-;0;-;-;-;32390.9;0;
2015-10-06 14:42:30;-;-;7053;-;-;-;-;-;-;-;-;32390.9;-;
2015-10-06 15:42:25;-;-;7053;-;-;-;-;-;-;-;-;-;-;
2015-10-06 15:42:29;1684;75;7053;4.72;27.6;-;-;36.3;-;-;-;-;12;
2015-10-06 15:42:30;-;-;-;-;-;69.3;94;-;85;1.26;82;32402.9;-;
2015-10-06 16:42:29;0;-;7054;-;27;-;-;0;-;-;-;-;0;
2015-10-06 16:42:31;-;-;7054;-;-;-;-;-;-;-;-;32439.2;-;
2015-10-06 17:42:21;1623;76;7054;4.68;27.5;-;-;34.7;-;-;-;-;10.7;
2015-10-06 17:42:23;-;-;-;-;-;64.2;95;-;81;1.14;79;32449.9;-;
2015-10-06 18:42:22;0;-;7055;-;29;-;-;0;-;-;-;-;0;
2015-10-06 18:42:23;0;-;7055;-;29;-;-;0;-;-;-;32463.6;0;
2015-10-06 19:42:22;0;-;7055;-;29;-;-;0;-;-;-;32463.6;0;
2015-10-06 19:42:23;0;-;7055;-;29;-;-;0;-;-;-;32463.6;0;
2015-10-06 20:42:22;0;-;7055;-;29;-;-;0;-;-;-;32463.6;0;
2015-10-06 20:42:23;0;-;7055;-;29;-;-;0;-;-;-;32463.6;0;
2015-10-06 21:42:22;0;-;7055;-;29;-;-;0;-;-;-;32463.6;0;
2015-10-06 21:42:23;-;-;7055;-;-;-;-;-;-;-;-;32463.6;-;
2015-10-06 22:42:22;-;-;7055;-;-;-;-;-;-;-;-;-;-;
2015-10-06 22:42:25;1806;76;7055;4.56;27.4;-;-;43.2;-;-;-;-;41.4;
2015-10-06 22:42:26;-;-;-;-;-;81.8;100;-;91;1.6;91;32505.1;-;
2015-10-06 23:42:26;0;-;7056;-;27;-;-;0;-;-;-;-;0;
2015-10-06 23:42:27;0;-;7056;-;27;-;-;0;-;-;-;32549.2;0;
2015-10-07 00:42:26;0;-;7056;-;27;-;-;0;-;-;-;32549.2;0;
2015-10-07 00:42:27;0;-;7056;-;27;-;-;0;-;-;-;32549.2;0;
2015-10-07 00:42:28;-;-;7056;-;-;-;-;-;-;-;-;32549.2;-;
2015-10-07 01:42:26;-;-;7056;-;-;-;-;-;-;-;-;-;-;
2015-10-07 01:42:29;1081;74;7056;3.88;27.6;-;-;17.1;-;-;-;-;22.3;
2015-10-07 01:42:31;-;-;-;-;-;23.6;72;-;38;0.3;68;32571.5;-;
2015-10-07 02:42:35;0;-;7057;-;29;-;-;0;-;-;-;-;0;
2015-10-07 02:42:36;0;-;7057;-;29;-;-;0;-;-;-;32596.1;0;
2015-10-07 03:42:35;0;-;7057;-;29;-;-;0;-;-;-;32596.1;0;
2015-10-07 03:42:36;0;-;7057;-;29;-;-;0;-;-;-;32596.1;0;
2015-10-07 04:42:23;0;-;7057;-;29;-;-;0;-;-;-;32596.1;0;
2015-10-07 04:42:24;-;-;7057;-;-;-;-;-;-;-;-;32596.1;-;
2015-10-07 04:42:35;-;-;7057;-;-;-;-;-;-;-;-;-;-;
2015-10-07 05:42:35;-;-;7057;-;-;-;-;-;-;-;-;-;-;
2015-10-07 05:42:37;1738;75;7057;4.88;27.6;-;-;38.7;-;-;-;-;8.3;
2015-10-07 05:42:38;-;-;-;-;-;71.4;90;-;86;1.36;84;32604.5;-;
2015-10-07 06:42:28;0;-;7058;-;29;-;-;0;-;-;-;-;0;
2015-10-07 06:42:29;0;-;-;-;-;-;-;0;-;-;-;32636.4;0;
2015-10-07 07:42:25;0;73;7059;0;28.9;-;-;0;-;-;-;-;0;
2015-10-07 07:42:26;0;-;7059;-;-;0;0;0;0;0.02;56;32684.3;0;
2015-10-07 07:42:28;0;-;7059;-;-;-;-;0;-;-;-;32684.3;0;
2015-10-07 08:42:25;0;-;7059;-;-;-;-;0;-;-;-;32684.3;0;
2015-10-07 08:42:26;0;-;7059;-;-;-;-;0;-;-;-;32684.3;0;
2015-10-07 08:42:28;0;-;7059;-;-;-;-;0;-;-;-;32684.3;0;
2015-10-07 08:42:30;0;-;7059;-;29;-;-;0;-;-;-;32684.3;0;
2015-10-07 09:42:25;0;-;7059;-;29;-;-;0;-;-;-;32684.3;0;
2015-10-07 09:42:26;0;-;7059;-;29;-;-;0;-;-;-;32684.3;0;
2015-10-07 09:42:28;0;-;7059;-;29;-;-;0;-;-;-;32684.3;0;
2015-10-07 09:42:30;0;-;7059;-;29;-;-;0;-;-;-;32684.3;0;
2015-10-07 10:42:25;0;-;7059;-;29;-;-;0;-;-;-;32684.3;0;
2015-10-07 10:42:26;0;-;7059;-;29;-;-;0;-;-;-;32684.3;0;
2015-10-07 10:42:28;0;-;7059;-;29;-;-;0;-;-;-;32684.3;0;
2015-10-07 10:42:30;0;-;7059;-;29;-;-;0;-;-;-;32684.3;0;
2015-10-07 11:42:25;0;-;7059;-;29;-;-;0;-;-;-;32684.3;0;
2015-10-07 11:42:26;0;-;7059;-;29;-;-;0;-;-;-;32684.3;0;
2015-10-07 11:42:28;0;-;7059;-;29;-;-;0;-;-;-;32684.3;0;
2015-10-07 11:42:30;0;-;7059;-;29;-;-;0;-;-;-;32684.3;0;
2015-10-07 12:42:25;0;-;7059;-;29;-;-;0;-;-;-;32684.3;0;
2015-10-07 12:42:26;-;-;-;-;-;-;-;-;-;-;-;32684.3;-;
2015-10-07 12:42:27;-;-;-;-;-;-;-;-;-;-;-;32684.3;-;
2015-10-07 14:42:26;0;-;7060;-;27;-;-;0;-;-;-;-;0;
2015-10-07 14:42:27;0;-;7060;-;27;-;-;0;-;-;-;32721.9;0;
2015-10-07 15:42:26;0;-;7060;-;27;-;-;0;-;-;-;32721.9;0;
2015-10-07 15:42:27;0;-;7060;-;27;-;-;0;-;-;-;32721.9;0;
2015-10-07 16:42:26;0;-;7060;-;27;-;-;0;-;-;-;32721.9;0;
2015-10-07 16:42:27;-;-;-;-;-;-;-;-;-;-;-;32721.9;-;
2015-10-07 18:42:31;651;73;7061;3.04;27.7;-;-;3.6;-;-;-;-;51.3;
2015-10-07 18:42:33;-;-;-;-;-;1.5;8;-;4;0.02;35;32773.2;-;
2015-10-07 19:42:24;0;-;7062;-;27;-;-;0;-;-;-;-;0;
2015-10-07 19:42:25;-;-;7062;-;-;-;-;-;-;-;-;32797.3;-;
2015-10-07 20:42:24;-;-;7062;-;-;-;-;-;-;-;-;-;-;
2015-10-07 20:42:44;1065;75;7062;4.28;27.3;-;-;21.3;-;-;-;-;22.8;
2015-10-07 20:42:47;-;-;-;-;-;18.7;66;-;32;0.22;52;32820.2;-;
2015-10-07 21:42:24;1796;77;7063;4.56;27.5;-;-;40.5;-;-;-;-;67.5;
2015-10-07 21:42:25;-;-;-;-;-;82.3;100;-;91;1.62;94;32864.9;-;
2015-10-07 22:42:28;0;-;7064;-;29;-;-;0.1;-;-;-;-;0;
2015-10-07 22:42:30;0;-;7064;-;29;-;-;-;-;-;-;32905.9;0;
2015-10-07 23:42:24;0;-;7064;-;29;-;-;0;-;-;-;32905.9;0;
2015-10-07 23:42:28;0;-;7064;-;29;-;-;0;-;-;-;32905.9;0;
2015-10-07 23:42:30;0;-;7064;-;29;-;-;0;-;-;-;32905.9;0;
2015-10-08 00:42:24;0;-;7064;-;29;-;-;0;-;-;-;32905.9;0;
2015-10-08 00:42:28;0;-;7064;-;29;-;-;0;-;-;-;32905.9;0;
2015-10-08 00:42:30;0;-;7064;-;29;-;-;0;-;-;-;32905.9;0;
2015-10-08 01:42:24;0;-;7064;-;29;-;-;0;-;-;-;32905.9;0;
2015-10-08 01:42:28;0;-;7064;-;29;-;-;0;-;-;-;32905.9;0;
2015-10-08 01:42:30;0;-;7064;-;29;-;-;0;-;-;-;32905.9;0;
2015-10-08 02:42:24;0;-;7064;-;29;-;-;0;-;-;-;32905.9;0;
2015-10-08 02:42:28;0;-;7064;-;29;-;-;0;-;-;-;32905.9;0;
2015-10-08 02:42:30;0;-;7064;-;29;-;-;0;-;-;-;32905.9;0;
2015-10-08 03:42:20;0;-;7064;-;29;-;-;0;-;-;-;32905.9;0;
2015-10-08 03:42:24;0;-;7064;-;-;-;-;0;-;-;-;32905.9;0;
2015-10-08 03:42:28;0;-;7064;-;-;-;-;0;-;-;-;32905.9;0;
2015-10-08 03:42:30;0;-;7064;-;-;-;-;0;-;-;-;32905.9;0;
2015-10-08 04:42:24;0;-;7064;-;-;-;-;0;-;-;-;32905.9;0;
2015-10-08 04:42:28;0;-;7064;-;-;-;-;0;-;-;-;32905.9;0;
2015-10-08 04:42:30;0;-;7064;-;-;-;-;0;-;-;-;32905.9;0;
2015-10-08 04:42:33;0;-;7064;-;27;-;-;0;-;-;-;32905.9;0;
2015-10-08 05:42:24;0;-;7064;-;27;-;-;0;-;-;-;32905.9;0;
2015-10-08 05:42:28;0;-;7064;-;27;-;-;0;-;-;-;32905.9;0;
2015-10-08 05:42:30;-;-;-;-;-;-;-;-;-;-;-;32905.9;-;
2015-10-08 06:42:19;1785;77;7065;4.56;27.5;-;-;39.9;-;-;-;-;46.6;
2015-10-08 06:42:21;-;-;7065;-;-;81.8;100;-;91;1.56;92;32952.7;-;
2015-10-08 07:42:19;-;-;7065;-;-;-;-;-;-;-;-;-;-;
2015-10-08 07:42:30;0;-;7065;-;27;-;-;0;-;-;-;-;0;
2015-10-08 07:42:32;0;-;7065;-;27;-;-;0;-;-;-;32981.1;0;
2015-10-08 08:42:19;0;-;7065;-;27;-;-;0;-;-;-;32981.1;0;
2015-10-08 08:42:30;0;-;7065;-;27;-;-;0;-;-;-;32981.1;0;
2015-10-08 08:42:32;0;-;7065;-;27;-;-;0;-;-;-;32981.1;0;
2015-10-08 09:42:19;0;-;7065;-;27;-;-;0;-;-;-;32981.1;0;
2015-10-08 09:42:30;0;-;7065;-;27;-;-;0;-;-;-;32981.1;0;
2015-10-08 09:42:32;0;-;7065;-;27;-;-;0;-;-;-;32981.1;0;
2015-10-08 10:42:19;0;-;7065;-;27;-;-;0;-;-;-;32981.1;0;
2015-10-08 10:42:30;0;-;7065;-;27;-;-;0;-;-;-;32981.1;0;
2015-10-08 10:42:32;0;-;7065;-;27;-;-;0;-;-;-;32981.1;0;
2015-10-08 11:42:19;0;-;7065;-;27;-;-;0;-;-;-;32981.1;0;
2015-10-08 11:42:30;0;-;7065;-;27;-;-;0;-;-;-;32981.1;0;
2015-10-08 11:42:32;0;-;7065;-;27;-;-;0;-;-;-;32981.1;0;
2015-10-08 12:42:19;0;-;7065;-;27;-;-;0;-;-;-;32981.1;0;
2015-10-08 12:42:30;0;-;7065;-;27;-;-;0;-;-;-;32981.1;0;
2015-10-08 12:42:32;0;-;7065;-;27;-;-;0;-;-;-;32981.1;0;
2015-10-08 13:42:19;0;-;7065;-;27;-;-;0;-;-;-;32981.1;0;
2015-10-08 13:42:30;0;-;7065;-;27;-;-;0;-;-;-;32981.1;0;
2015-10-08 13:42:32;0;-;7065;-;27;-;-;0;-;-;-;32981.1;0;
2015-10-08 14:42:19;0;-;7065;-;27;-;-;0;-;-;-;32981.1;0;
2015-10-08 14:42:30;0;-;7065;-;27;-;-;0;-;-;-;32981.1;0;
2015-10-08 14:42:32;0;-;7065;-;27;-;-;0;-;-;-;32981.1;0;
2015-10-08 15:42:19;0;-;7065;-;27;-;-;0;-;-;-;32981.1;0;
2015-10-08 15:42:30;0;-;7065;-;27;-;-;0;-;-;-;32981.1;0;
2015-10-08 15:42:32;0;-;7065;-;27;-;-;0;-;-;-;32981.1;0;
2015-10-08 16:42:19;0;-;7065;-;27;-;-;0;-;-;-;32981.1;0;
2015-10-08 16:42:30;0;-;7065;-;27;-;-;0;-;-;-;32981.1;0;
2015-10-08 16:42:32;0;-;7065;-;27;-;-;0;-;-;-;32981.1;0;
2015-10-08 16:42:45;0;-;7065;-;27;-;-;0;-;-;-;32981.1;0;
2015-10-08 16:42:49;-;-;-;-;-;-;-;-;-;-;-;32981.1;-;
2015-10-08 17:42:29;652;73;7066;2.76;27.6;-;-;12.9;-;-;-;-;22.2;
2015-10-08 17:42:30;-;73;-;-;-;6.2;36;-;18;0.04;44;33003.4;-;
2015-10-08 18:42:29;-;73;-;-;-;-;-;-;-;0.04;-;-;-;
2015-10-08 18:42:30;-;73;-;-;-;-;-;-;-;0.04;-;-;-;
2015-10-08 18:42:33;667;73;7067;2.64;27.7;-;-;0;-;0.04;-;-;44.8;
2015-10-08 18:42:35;-;-;7067;-;-;2.1;12;0;6;0.04;69;33025.9;-;
2015-10-08 19:42:18;0;-;7067;-;29;-;-;0;-;-;-;-;0;
2015-10-08 19:42:20;0;-;7067;-;29;-;-;0;-;-;-;33026.1;0;
2015-10-08 19:42:33;0;-;7067;-;29;-;-;0;-;-;-;33026.1;0;
2015-10-08 20:42:18;0;-;7067;-;29;-;-;0;-;-;-;33026.1;0;
2015-10-08 20:42:20;0;-;7067;-;29;-;-;0;-;-;-;33026.1;0;
2015-10-08 20:42:21;0;-;7067;-;29;-;-;0;-;-;-;33026.1;0;
2015-10-08 20:42:22;-;-;7067;-;-;-;-;-;-;-;-;33026.1;-;
2015-10-08 20:42:33;-;-;7067;-;-;-;-;-;-;-;-;-;-;
2015-10-08 21:42:27;1813;76;7067;5.44;27.6;-;-;42;-;-;-;-;1.6;
2015-10-08 21:42:28;-;-;-;-;-;78.4;100;-;91;1.64;90;33027.7;-;
2015-10-08 22:42:32;0;-;7068;-;29;-;-;0;-;-;-;-;0;
2015-10-08 22:42:33;0;-;7068;-;29;-;-;0;-;-;-;33074.1;0;
2015-10-08 23:42:32;0;-;7068;-;29;-;-;0;-;-;-;33074.1;0;
2015-10-08 23:42:33;0;-;7068;-;29;-;-;0;-;-;-;33074.1;0;
2015-10-08 23:42:34;0;-;7068;-;29;-;-;0;-;-;-;33074.1;0;
2015-10-08 23:42:35;-;-;7068;-;-;-;-;-;-;-;-;33074.1;-;
2015-10-09 00:42:23;1805;76;7068;4.56;27.4;-;-;42.6;-;-;-;-;45.8;
2015-10-09 00:42:25;-;-;7068;-;-;81.3;100;-;91;1.6;91;33120;-;
2015-10-09 00:42:32;-;-;7068;-;-;-;-;-;-;-;-;-;-;
2015-10-09 01:42:32;-;-;7068;-;-;-;-;-;-;-;-;-;-;
2015-10-09 01:42:33;0;-;7068;-;27;-;-;0;-;-;-;-;0;
2015-10-09 01:42:34;0;-;7068;-;27;-;-;0;-;-;-;33122.2;0;
2015-10-09 02:42:32;0;-;7068;-;27;-;-;0;-;-;-;33122.2;0;
2015-10-09 02:42:33;0;-;7068;-;27;-;-;0;-;-;-;33122.2;0;
2015-10-09 02:42:34;0;-;7068;-;27;-;-;0;-;-;-;33122.2;0;
2015-10-09 03:42:32;0;-;7068;-;27;-;-;0;-;-;-;33122.2;0;
2015-10-09 03:42:33;0;-;7068;-;27;-;-;0;-;-;-;33122.2;0;
2015-10-09 03:42:34;0;-;7068;-;27;-;-;0;-;-;-;33122.2;0;
2015-10-09 04:42:23;0;-;7068;-;27;-;-;0;-;-;-;33122.2;0;
2015-10-09 04:42:32;0;-;7068;-;27;-;-;-;-;-;-;33122.2;0;
2015-10-09 04:42:33;0;-;7068;-;27;-;-;-;-;-;-;33122.2;0;
2015-10-09 04:42:34;0;-;7068;-;27;-;-;-;-;-;-;33122.2;0;
2015-10-09 05:42:21;0;-;7068;-;27;-;-;0.2;-;-;-;33122.2;0;
2015-10-09 05:42:22;-;-;-;-;-;-;-;-;-;-;-;33122.2;-;
2015-10-09 06:42:37;1658;75;7069;4.76;27.7;-;-;36.2;-;-;-;-;10.1;
2015-10-09 06:42:38;-;-;7069;-;-;66.1;94;-;82;1.22;79;33132.4;-;
2015-10-09 07:42:37;-;-;7069;-;-;-;-;-;-;-;-;-;-;
2015-10-09 07:42:47;0;-;7069;-;27;-;-;0;-;-;-;-;0;
2015-10-09 07:42:49;-;-;-;-;-;-;-;-;-;-;-;33157.7;-;
2015-10-09 08:42:32;1620;75;7070;4.76;27.6;-;-;35.1;-;-;-;-;7.4;
2015-10-09 08:42:34;-;-;7070;-;-;62.5;91;-;79;1.14;77;33165.2;-;
2015-10-09 09:42:21;0;-;7070;-;29;-;-;0;-;-;-;-;0;
2015-10-09 09:42:23;0;-;7070;-;29;-;-;0;-;-;-;33197.9;0;
2015-10-09 09:42:32;0;-;7070;-;29;-;-;0;-;-;-;33197.9;0;
2015-10-09 10:42:21;0;-;7070;-;29;-;-;0;-;-;-;33197.9;0;
2015-10-09 10:42:23;0;-;7070;-;29;-;-;0;-;-;-;33197.9;0;
2015-10-09 10:42:32;0;-;7070;-;29;-;-;0;-;-;-;33197.9;0;
2015-10-09 10:42:37;0;-;7070;-;29;-;-;0;-;-;-;33197.9;0;
2015-10-09 10:42:38;-;-;-;-;-;-;-;-;-;-;-;33197.9;-;
2015-10-09 11:42:33;1170;75;7071;4.12;27.5;-;-;20.9;-;-;-;-;15;
2015-10-09 11:42:35;-;-;-;-;27.5;30.4;78;-;45;0.4;73;33212.9;-;
2015-10-09 12:42:20;893;74;7072;3.72;27.5;-;-;17.2;-;-;-;-;61.1;
2015-10-09 12:42:21;-;-;-;-;-;13.3;57;-;26;0.14;50;33259.1;-;
2015-10-09 13:42:26;649;73;7073;2.6;27.6;-;-;0;-;-;-;-;85.3;
2015-10-09 13:42:27;-;-;7073;-;-;1.4;9;-;4;0.02;55;33283.2;-;
2015-10-09 14:42:19;1630;76;7073;4.6;27.5;-;-;36.7;-;-;-;-;13.4;
2015-10-09 14:42:20;-;-;7073;-;-;65;96;-;82;1.12;79;33310.9;-;
2015-10-09 14:42:26;-;-;7073;-;-;-;-;-;-;-;-;-;-;
2015-10-09 15:42:26;-;-;7073;-;-;-;-;-;-;-;-;-;-;
2015-10-09 15:42:33;0;-;7073;-;27;-;-;0;-;-;-;-;0;
2015-10-09 15:42:35;0;-;7073;-;27;-;-;0;-;-;-;33311.9;0;
2015-10-09 16:42:26;0;-;7073;-;27;-;-;0;-;-;-;33311.9;0;
2015-10-09 16:42:33;0;-;7073;-;27;-;-;0;-;-;-;33311.9;0;
2015-10-09 16:42:35;-;-;-;-;-;-;-;0;-;-;-;33311.9;-;
2015-10-09 17:42:25;650;73;7074;2.36;27.6;-;-;0;-;-;-;-;44.1;
2015-10-09 17:42:27;-;-;7074;-;-;2.1;13;0;6;0.02;71;33356.1;-;
2015-10-09 17:42:33;-;-;7074;-;-;-;-;0;-;-;-;-;-;
2015-10-09 18:42:25;-;-;7074;-;-;-;-;0;-;-;-;-;-;
2015-10-09 18:42:27;0;-;7074;-;27;-;-;0;-;-;-;-;0;
2015-10-09 18:42:30;0;-;7074;-;27;-;-;0;-;-;-;33356.2;0;
2015-10-09 18:42:33;0;-;7074;-;27;-;-;0;-;-;-;33356.2;0;
2015-10-09 19:42:25;0;-;7074;-;27;-;-;0;-;-;-;33356.2;0;
2015-10-09 19:42:27;0;-;7074;-;27;-;-;0;-;-;-;33356.2;0;
2015-10-09 19:42:30;0;-;7074;-;27;-;-;0;-;-;-;33356.2;0;
2015-10-09 19:42:33;0;-;7074;-;27;-;-;0;-;-;-;33356.2;0;
2015-10-09 20:42:25;0;-;7074;-;27;-;-;0;-;-;-;33356.2;0;
2015-10-09 20:42:27;0;-;7074;-;27;-;-;0;-;-;-;33356.2;0;
2015-10-09 20:42:28;-;-;-;-;-;-;-;-;-;-;-;33356.2;-;
2015-10-09 21:42:31;1694;75;7075;4.72;27.4;-;-;39.1;-;-;-;-;52.9;
2015-10-09 21:42:33;-;-;-;-;-;68.2;95;-;83;1.24;79;33409.2;-;
2015-10-09 22:42:25;0;-;7076;-;27;-;-;0;-;-;-;-;0;
2015-10-09 22:42:27;0;-;7076;-;27;-;-;0;-;-;-;33440;0;
2015-10-09 23:42:25;0;-;7076;-;27;-;-;0;-;-;-;33440;0;
2015-10-09 23:42:27;0;-;7076;-;27;-;-;0;-;-;-;33440;0;
2015-10-10 00:42:25;0;-;7076;-;27;-;-;0;-;-;-;33440;0;
2015-10-10 00:42:27;0;-;7076;-;27;-;-;0;-;-;-;33440;0;
2015-10-10 01:42:25;0;-;7076;-;27;-;-;0;-;-;-;33440;0;
2015-10-10 01:42:27;0;-;7076;-;27;-;-;0;-;-;-;33440;0;
2015-10-10 02:42:25;0;-;7076;-;27;-;-;0;-;-;-;33440;0;
2015-10-10 02:42:27;0;-;7076;-;27;-;-;0;-;-;-;33440;0;
2015-10-10 03:42:25;0;-;7076;-;27;-;-;0;-;-;-;33440;0;
2015-10-10 03:42:27;0;-;7076;-;27;-;-;0;-;-;-;33440;0;
2015-10-10 04:42:25;0;-;7076;-;27;-;-;0;-;-;-;33440;0;
2015-10-10 04:42:27;0;-;7076;-;27;-;-;0;-;-;-;33440;0;
2015-10-10 05:42:25;0;-;7076;-;27;-;-;0;-;-;-;33440;0;
2015-10-10 05:42:26;0;-;7076;-;27;-;-;0;-;-;-;33440;0;
2015-10-10 05:42:27;-;-;7076;-;-;-;-;-;-;-;-;33440;-;
2015-10-10 05:42:28;-;-;7076;-;-;-;-;-;-;-;-;33440;-;
2015-10-10 06:42:25;-;-;7076;-;-;-;-;-;-;-;-;-;-;
2015-10-10 06:42:32;1611;75;7076;4.92;27.7;-;-;35.5;-;-;-;-;7.8;
2015-10-10 06:42:33;-;-;7076;-;-;60.5;88;-;78;1.14;74;33447.9;-;
2015-10-10 07:42:25;-;-;7076;-;-;-;-;-;-;-;-;-;-;
2015-10-10 07:42:30;0;-;7076;-;29;-;-;0;-;-;-;-;0;
2015-10-10 07:42:31;0;-;7076;-;-;-;-;0;-;-;-;33459.2;0;
2015-10-10 08:42:25;0;-;7076;-;-;-;-;0;-;-;-;-;0;
2015-10-10 08:42:29;0;-;7076;-;25.2;-;-;0;-;-;-;-;0;
2015-10-10 08:42:30;0;-;7076;-;-;-;-;0;-;-;-;-;0;
2015-10-10 08:42:31;0;-;7076;-;-;-;-;0;-;-;-;33474.3;0;
2015-10-10 09:42:25;0;-;7076;-;-;-;-;0;-;-;-;33474.3;0;
2015-10-10 09:42:30;0;-;7076;-;-;-;-;0;-;-;-;33474.3;0;
2015-10-10 09:42:31;0;-;7076;-;-;-;-;0;-;-;-;33474.3;0;
2015-10-10 09:42:32;0;-;7076;-;25.1;-;-;0;-;-;-;33474.3;0;
2015-10-10 09:42:34;0;-;-;-;-;-;-;-;-;-;-;33474.3;0;
2015-10-10 10:42:27;0;-;7077;-;29;-;-;0.1;-;-;-;-;0;
2015-10-10 10:42:29;-;-;-;-;-;-;-;-;-;-;-;33489.4;-;
2015-10-10 11:42:21;1661;76;7078;4.56;27.5;-;-;37.4;-;-;-;-;47.7;
2015-10-10 11:42:23;-;-;7078;-;-;65.8;98;-;82;1.18;80;33537.2;-;
2015-10-10 12:42:21;-;-;7078;-;-;-;-;-;-;-;-;-;-;
2015-10-10 12:42:30;0;-;7078;-;29;-;-;0.1;-;-;-;-;0;
2015-10-10 12:42:31;0;-;7078;-;29;-;-;0.1;-;-;-;33571.3;0;
2015-10-10 13:42:21;0;-;7078;-;29;-;-;0.1;-;-;-;33571.3;0;
2015-10-10 13:42:29;0;-;7078;-;29;-;-;0.1;-;-;-;33571.3;0;
2015-10-10 13:42:30;0;-;7078;-;29;-;-;-;-;-;-;33571.3;0;
2015-10-10 13:42:31;0;-;7078;-;29;-;-;-;-;-;-;33571.3;0;
2015-10-10 14:42:21;0;-;7078;-;29;-;-;-;-;-;-;33571.3;0;
2015-10-10 14:42:30;0;-;7078;-;29;-;-;-;-;-;-;33571.3;0;
2015-10-10 14:42:31;0;-;7078;-;29;-;-;-;-;-;-;33571.3;0;
2015-10-10 14:42:32;0;-;7078;-;29;-;-;0;-;-;-;33571.3;0;
2015-10-10 15:42:21;0;-;7078;-;29;-;-;0;-;-;-;33571.3;0;
2015-10-10 15:42:30;0;-;7078;-;29;-;-;0;-;-;-;33571.3;0;
2015-10-10 15:42:31;0;-;7078;-;29;-;-;0;-;-;-;33571.3;0;
2015-10-10 15:42:32;0;-;7078;-;29;-;-;0;-;-;-;33571.3;0;
2015-10-10 16:42:21;0;-;7078;-;29;-;-;0;-;-;-;33571.3;0;
2015-10-10 16:42:23;0;-;7078;-;29;-;-;0;-;-;-;33571.3;0;
2015-10-10 16:42:25;-;-;-;-;-;-;-;-;-;-;-;33571.3;-;
2015-10-10 18:42:32;1391;76;7079;4.4;27.5;-;-;29.7;-;-;-;-;11;
2015-10-10 18:42:33;-;-;-;-;-;31.3;75;-;45;0.48;79;33629.7;-;
2015-10-10 19:42:33;0;-;7080;-;24.9;-;-;0;-;-;-;-;0;
2015-10-10 19:42:36;0;-;-;-;-;-;-;0;-;-;-;33647.5;0;
2015-10-10 20:42:27;0;-;7081;-;27;-;-;0;-;-;-;-;0;
2015-10-10 20:42:28;0;-;7081;-;27;-;-;0;-;-;-;33663;0;
2015-10-10 20:42:33;0;-;7081;-;27;-;-;0;-;-;-;33663;0;
2015-10-10 21:42:27;0;-;7081;-;27;-;-;0;-;-;-;33663;0;
2015-10-10 21:42:28;0;-;7081;-;27;-;-;0;-;-;-;33663;0;
2015-10-10 21:42:33;0;-;7081;-;27;-;-;0;-;-;-;33663;0;
2015-10-10 22:42:27;0;-;7081;-;27;-;-;0;-;-;-;33663;0;
2015-10-10 22:42:28;0;-;7081;-;27;-;-;0;-;-;-;33663;0;
2015-10-10 22:42:33;0;-;7081;-;27;-;-;0;-;-;-;33663;0;
2015-10-10 23:42:27;0;-;7081;-;27;-;-;0;-;-;-;33663;0;
2015-10-10 23:42:28;0;-;7081;-;27;-;-;0;-;-;-;33663;0;
2015-10-10 23:42:33;0;-;7081;-;27;-;-;0;-;-;-;33663;0;
2015-10-11 00:42:27;0;-;7081;-;27;-;-;0;-;-;-;33663;0;
2015-10-11 00:42:28;0;-;7081;-;27;-;-;0;-;-;-;33663;0;
2015-10-11 00:42:33;0;-;7081;-;27;-;-;0;-;-;-;33663;0;
2015-10-11 01:42:27;0;-;7081;-;27;-;-;0;-;-;-;33663;0;
2015-10-11 01:42:28;0;-;7081;-;27;-;-;0;-;-;-;33663;0;
2015-10-11 01:42:33;0;-;7081;-;27;-;-;0;-;-;-;33663;0;
2015-10-11 02:42:27;0;-;7081;-;27;-;-;0;-;-;-;33663;0;
2015-10-11 02:42:28;0;-;7081;-;27;-;-;0;-;-;-;33663;0;
2015-10-11 02:42:33;0;-;7081;-;27;-;-;0;-;-;-;33663;0;
2015-10-11 03:42:27;0;-;7081;-;27;-;-;0;-;-;-;33663;0;
2015-10-11 03:42:28;0;-;7081;-;27;-;-;0;-;-;-;33663;0;
2015-10-11 03:42:33;0;-;7081;-;27;-;-;0;-;-;-;33663;0;
2015-10-11 04:42:27;0;-;7081;-;27;-;-;0;-;-;-;33663;0;
2015-10-11 04:42:28;0;-;7081;-;27;-;-;0;-;-;-;33663;0;
2015-10-11 04:42:33;0;-;7081;-;27;-;-;0;-;-;-;33663;0;
2015-10-11 05:42:27;0;-;7081;-;27;-;-;0;-;-;-;33663;0;
2015-10-11 05:42:28;0;-;7081;-;27;-;-;0;-;-;-;33663;0;
2015-10-11 05:42:33;0;-;7081;-;27;-;-;0;-;-;-;33663;0;
2015-10-11 06:42:27;0;-;7081;-;27;-;-;0;-;-;-;33663;0;
2015-10-11 06:42:28;0;-;7081;-;27;-;-;0;-;-;-;33663;0;
2015-10-11 06:42:33;0;-;7081;-;27;-;-;0;-;-;-;33663;0;
2015-10-11 07:42:27;0;-;7081;-;27;-;-;0;-;-;-;33663;0;
2015-10-11 07:42:28;0;-;7081;-;27;-;-;0;-;-;-;33663;0;
2015-10-11 07:42:33;0;-;7081;-;27;-;-;0;-;-;-;33663;0;
2015-10-11 08:42:27;0;-;7081;-;27;-;-;0;-;-;-;33663;0;
2015-10-11 08:42:28;0;-;7081;-;27;-;-;0;-;-;-;33663;0;
2015-10-11 08:42:33;0;-;7081;-;27;-;-;0;-;-;-;33663;0;
2015-10-11 09:42:27;0;-;7081;-;27;-;-;0;-;-;-;33663;0;
2015-10-11 09:42:28;0;-;7081;-;27;-;-;0;-;-;-;33663;0;
2015-10-11 09:42:33;0;-;7081;-;27;-;-;0;-;-;-;33663;0;
2015-10-11 10:42:27;0;-;7081;-;27;-;-;0;-;-;-;33663;0;
2015-10-11 10:42:28;0;-;7081;-;27;-;-;0;-;-;-;33663;0;
2015-10-11 10:42:33;0;-;7081;-;27;-;-;0;-;-;-;33663;0;
2015-10-11 11:42:27;0;-;7081;-;27;-;-;0;-;-;-;33663;0;
2015-10-11 11:42:28;0;-;7081;-;27;-;-;0;-;-;-;33663;0;
2015-10-11 11:42:33;0;-;7081;-;27;-;-;0;-;-;-;33663;0;
2015-10-11 12:42:27;0;-;7081;-;27;-;-;0;-;-;-;33663;0;
2015-10-11 12:42:28;0;-;7081;-;27;-;-;0;-;-;-;33663;0;
2015-10-11 12:42:33;0;-;7081;-;27;-;-;0;-;-;-;33663;0;
2015-10-11 13:42:27;0;-;7081;-;27;-;-;0;-;-;-;33663;0;
2015-10-11 13:42:28;-;-;7081;-;-;-;-;-;-;-;-;33663;-;
2015-10-11 14:42:19;1588;75;7081;5.16;27.8;-;-;40.6;-;-;-;-;4.5;
2015-10-11 14:42:21;-;-;7081;-;-;69;99;-;85;1.18;80;33667.6;-;
2015-10-11 14:42:27;-;-;7081;-;-;-;-;-;-;-;-;-;-;
2015-10-11 15:42:26;0;-;7081;-;29;-;-;0;-;-;-;-;0;
2015-10-11 15:42:27;0;-;7081;-;-;-;-;0;-;-;-;33705.2;0;
2015-10-11 16:42:23;0;70;7081;0;28.9;-;-;0;-;-;-;33705.2;0;
2015-10-11 16:42:25;0;-;7081;0;28.9;0;0;0;0;0.02;52;33705.2;0;
2015-10-11 16:42:26;0;-;7081;0;28.9;0;0;0;0;0.02;-;33705.2;0;
2015-10-11 16:42:27;0;-;7081;0;28.9;0;0;0;0;0.02;-;33705.2;0;
2015-10-11 17:42:23;0;68;7081;0;28.9;0;0;0;0;0.02;-;33705.2;0;
2015-10-11 17:42:24;0;-;7081;0;28.9;0;0;0;0;0.02;48;33705.2;0;
2015-10-11 17:42:25;0;-;7081;0;28.9;0;0;0;0;0.02;-;33705.2;0;
2015-10-11 17:42:26;0;-;7081;0;28.9;0;0;0;0;0.02;-;33705.2;0;
2015-10-11 17:42:27;0;-;7081;0;28.9;0;0;0;0;0.02;-;33705.2;0;
2015-10-11 18:42:19;0;67;7081;0;28.9;0;0;0;0;0.02;-;33705.2;0;
2015-10-11 18:42:21;0;-;7081;-;-;0;0;0;0;0.02;46;33705.2;0;
2015-10-11 18:42:26;0;-;7081;-;-;-;-;0;-;-;-;33705.2;0;
2015-10-11 18:42:27;0;-;7081;-;-;-;-;0;-;-;-;33705.2;0;
2015-10-11 19:42:20;0;-;7081;-;29;-;-;0;-;-;-;33705.2;0;
2015-10-11 19:42:26;0;-;7081;-;29;-;-;0;-;-;-;33705.2;0;
2015-10-11 19:42:27;0;-;7081;-;29;-;-;0;-;-;-;33705.2;0;
2015-10-11 20:42:20;0;-;7081;-;29;-;-;0;-;-;-;33705.2;0;
2015-10-11 20:42:22;0;-;7081;-;29;-;-;0;-;-;-;33705.2;0;
2015-10-11 20:42:26;0;-;7081;-;-;-;-;0;-;-;-;33705.2;0;
2015-10-11 20:42:27;0;-;7081;-;-;-;-;0;-;-;-;33705.2;0;
2015-10-11 21:42:26;0;-;7081;-;-;-;-;0;-;-;-;33705.2;0;
2015-10-11 21:42:27;0;-;7081;-;-;-;-;0;-;-;-;33705.2;0;
2015-10-11 21:42:38;0;-;7081;-;27;-;-;0;-;-;-;33705.2;0;
2015-10-11 22:42:26;0;-;7081;-;27;-;-;0;-;-;-;33705.2;0;
2015-10-11 22:42:27;0;-;7081;-;27;-;-;0;-;-;-;33705.2;0;
2015-10-11 22:42:38;0;-;7081;-;27;-;-;0;-;-;-;33705.2;0;
2015-10-11 23:42:26;0;-;7081;-;27;-;-;0;-;-;-;33705.2;0;
2015-10-11 23:42:27;0;-;7081;-;27;-;-;0;-;-;-;33705.2;0;
2015-10-11 23:42:38;0;-;7081;-;27;-;-;0;-;-;-;33705.2;0;
2015-10-12 00:42:26;0;-;7081;-;27;-;-;0;-;-;-;33705.2;0;
2015-10-12 00:42:27;0;-;7081;-;27;-;-;0;-;-;-;33705.2;0;
2015-10-12 00:42:38;0;-;7081;-;27;-;-;0;-;-;-;33705.2;0;
2015-10-12 01:42:26;0;-;7081;-;27;-;-;0;-;-;-;33705.2;0;
2015-10-12 01:42:27;0;-;7081;-;27;-;-;0;-;-;-;33705.2;0;
2015-10-12 01:42:38;0;-;7081;-;27;-;-;0;-;-;-;33705.2;0;
2015-10-12 02:42:26;0;-;7081;-;27;-;-;0;-;-;-;33705.2;0;
2015-10-12 02:42:27;0;-;7081;-;27;-;-;0;-;-;-;33705.2;0;
2015-10-12 02:42:38;0;-;7081;-;27;-;-;0;-;-;-;33705.2;0;
2015-10-12 03:42:26;0;-;7081;-;27;-;-;0;-;-;-;33705.2;0;
2015-10-12 03:42:27;0;-;7081;-;27;-;-;0;-;-;-;33705.2;0;
2015-10-12 03:42:30;0;-;7081;-;27;-;-;0;-;-;-;33705.2;0;
2015-10-12 03:42:32;-;-;-;-;-;-;-;-;-;-;-;33705.2;-;
2015-10-12 04:42:45;1781;76;7082;4.64;27.6;-;-;39.8;-;-;-;-;38.8;
2015-10-12 04:42:47;-;-;7082;-;-;79.5;98;-;90;1.6;90;33744;-;
2015-10-12 05:42:35;0;-;7082;-;27;-;-;0;-;-;-;-;0;
2015-10-12 05:42:36;-;-;7082;-;-;-;-;-;-;-;-;33751.5;-;
2015-10-12 05:42:45;-;-;7082;-;-;-;-;-;-;-;-;-;-;
2015-10-12 06:42:35;1613;75;7082;4.72;27.5;-;-;34.7;-;-;-;-;12.9;
2015-10-12 06:42:37;-;-;-;-;-;62.9;93;-;80;1.14;78;33764.6;-;
2015-10-12 07:42:33;650;73;7083;2.36;27.6;-;-;6.8;-;-;-;-;8.3;
2015-10-12 07:42:35;-;-;-;-;-;8.3;48;-;24;0.06;77;33797.1;-;
2015-10-12 08:42:24;1723;75;7084;4.96;27.5;-;-;39;-;-;-;-;4;
2015-10-12 08:42:26;-;-;-;-;-;71.3;90;-;86;1.34;82;33810.8;-;
2015-10-12 10:42:26;0;-;7085;-;25.1;-;-;0;-;-;-;-;0;
2015-10-12 10:42:28;-;-;7085;-;-;-;-;-;-;-;-;33907.5;-;
2015-10-12 11:42:18;649;73;7085;3.2;27.8;-;-;12.9;-;-;-;-;0.5;
2015-10-12 11:42:20;-;-;-;-;-;6.2;35;-;18;0.04;40;33908;-;
2015-10-12 12:42:26;0;-;7086;-;29;-;-;0;-;-;-;-;0;
2015-10-12 12:42:28;0;-;7086;-;29;-;-;0;-;-;-;33921.6;0;
2015-10-12 13:42:26;0;-;7086;-;29;-;-;0;-;-;-;33921.6;0;
2015-10-12 13:42:28;0;-;7086;-;29;-;-;0;-;-;-;33921.6;0;
2015-10-12 14:42:26;0;-;7086;-;29;-;-;0;-;-;-;33921.6;0;
2015-10-12 14:42:28;0;-;7086;-;29;-;-;0;-;-;-;33921.6;0;
2015-10-12 14:42:33;0;-;7086;-;29;-;-;0;-;-;-;33921.6;0;
2015-10-12 14:42:35;-;-;7086;-;-;-;-;-;-;-;-;33921.6;-;
2015-10-12 15:42:26;-;-;7086;-;-;-;-;-;-;-;-;-;-;
2015-10-12 15:42:36;1645;76;7086;4.64;27.5;-;-;36.9;-;-;-;-;19.3;
2015-10-12 15:42:41;-;-;-;-;-;65.7;97;-;82;1.18;81;33941.1;-;
2015-10-12 16:42:29;0;-;7087;-;29;-;-;0;-;-;-;-;0;
2015-10-12 16:42:31;0;-;7087;-;29;-;-;0;-;-;-;33968.4;0;
2015-10-12 17:42:29;0;-;7087;-;29;-;-;0;-;-;-;33968.4;0;
2015-10-12 17:42:31;0;-;7087;-;29;-;-;0;-;-;-;33968.4;0;
2015-10-12 18:42:29;0;-;7087;-;29;-;-;0;-;-;-;33968.4;0;
2015-10-12 18:42:31;0;-;7087;-;29;-;-;0;-;-;-;33968.4;0;
2015-10-12 19:42:29;0;-;7087;-;29;-;-;0;-;-;-;33968.4;0;
2015-10-12 19:42:31;0;-;7087;-;29;-;-;0;-;-;-;33968.4;0;
2015-10-12 19:42:34;0;-;7087;-;29;-;-;0;-;-;-;33968.4;0;
2015-10-12 19:42:36;-;-;7087;-;-;-;-;-;-;-;-;33968.4;-;
2015-10-12 20:42:29;650;73;7087;3;27.6;-;-;7;-;-;-;-;29.3;
2015-10-12 20:42:30;-;-;-;-;-;1.2;7;-;3;0.02;40;33997.8;-;
2015-10-12 21:42:48;0;-;7088;-;29;-;-;0;-;-;-;-;0;
2015-10-12 21:42:49;0;-;7088;-;29;-;-;0;-;-;-;34023.2;0;
2015-10-12 22:42:48;0;-;7088;-;29;-;-;0;-;-;-;34023.2;0;
2015-10-12 22:42:49;0;-;7088;-;29;-;-;0;-;-;-;34023.2;0;
2015-10-12 23:42:48;0;-;7088;-;29;-;-;0;-;-;-;34023.2;0;
2015-10-12 23:42:49;0;-;7088;-;29;-;-;0;-;-;-;34023.2;0;
2015-10-13 00:42:48;0;-;7088;-;29;-;-;0;-;-;-;34023.2;0;
2015-10-13 00:42:49;0;-;7088;-;29;-;-;0;-;-;-;34023.2;0;
2015-10-13 01:42:48;0;-;7088;-;29;-;-;0;-;-;-;34023.2;0;
2015-10-13 01:42:49;0;-;7088;-;29;-;-;0;-;-;-;34023.2;0;
2015-10-13 02:42:33;0;-;7088;-;29;-;-;0;-;-;-;34023.2;0;
2015-10-13 02:42:48;0;-;7088;-;-;-;-;0;-;-;-;34023.2;0;
2015-10-13 02:42:49;0;-;7088;-;-;-;-;0;-;-;-;34023.2;0;
2015-10-13 03:42:24;0;-;7088;-;27;-;-;0;-;-;-;34023.2;0;
2015-10-13 03:42:48;0;-;7088;-;27;-;-;0;-;-;-;34023.2;0;
2015-10-13 03:42:49;0;-;7088;-;27;-;-;0;-;-;-;34023.2;0;
2015-10-13 04:42:24;0;-;7088;-;27;-;-;0;-;-;-;34023.2;0;
2015-10-13 04:42:48;0;-;7088;-;27;-;-;0;-;-;-;34023.2;0;
2015-10-13 04:42:49;0;-;7088;-;27;-;-;0;-;-;-;34023.2;0;
2015-10-13 05:42:24;0;-;7088;-;27;-;-;0;-;-;-;34023.2;0;
2015-10-13 05:42:48;0;-;7088;-;27;-;-;0;-;-;-;34023.2;0;
2015-10-13 05:42:49;0;-;7088;-;27;-;-;0;-;-;-;34023.2;0;
2015-10-13 06:42:24;0;-;7088;-;27;-;-;0;-;-;-;34023.2;0;
2015-10-13 06:42:48;0;-;7088;-;27;-;-;0;-;-;-;34023.2;0;
2015-10-13 06:42:49;0;-;7088;-;27;-;-;0;-;-;-;34023.2;0;
2015-10-13 07:42:24;0;-;7088;-;27;-;-;0;-;-;-;34023.2;0;
2015-10-13 07:42:48;0;-;7088;-;27;-;-;0;-;-;-;34023.2;0;
2015-10-13 07:42:49;0;-;7088;-;27;-;-;0;-;-;-;34023.2;0;
2015-10-13 08:42:24;0;-;7088;-;27;-;-;0;-;-;-;34023.2;0;
2015-10-13 08:42:48;0;-;7088;-;27;-;-;0;-;-;-;34023.2;0;
2015-10-13 08:42:49;0;-;7088;-;27;-;-;0;-;-;-;34023.2;0;
2015-10-13 09:42:24;0;-;7088;-;27;-;-;0;-;-;-;34023.2;0;
2015-10-13 09:42:48;0;-;7088;-;27;-;-;0;-;-;-;34023.2;0;
2015-10-13 09:42:49;0;-;7088;-;27;-;-;0;-;-;-;34023.2;0;
2015-10-13 10:42:24;0;-;7088;-;27;-;-;0;-;-;-;34023.2;0;
2015-10-13 10:42:27;0;-;7088;-;27;-;-;0;-;-;-;34023.2;0;
2015-10-13 10:42:28;-;-;7088;-;-;-;-;-;-;-;-;34023.2;-;
2015-10-13 10:42:48;-;-;7088;-;-;-;-;-;-;-;-;-;-;
2015-10-13 11:42:28;1224;75;7088;4.36;27.6;-;-;21.3;-;-;-;-;12.7;
2015-10-13 11:42:29;-;-;-;-;-;34.1;80;-;49;0.48;70;34035.9;-;
2015-10-13 12:42:31;0;-;7089;-;27;-;-;0;-;-;-;-;0;
2015-10-13 12:42:33;-;-;-;-;-;-;-;-;-;-;-;34093.7;-;
2015-10-13 13:42:22;1708;76;7090;4.64;27.4;-;-;37.9;-;-;-;-;31;
2015-10-13 13:42:24;-;-;7090;-;-;71;91;-;87;1.34;84;34124.8;-;
2015-10-13 14:42:17;0;-;7090;-;27;-;-;0;-;-;-;-;0;
2015-10-13 14:42:19;-;-;7090;-;-;-;-;-;-;-;-;34129;-;
2015-10-13 14:42:22;-;-;7090;-;-;-;-;-;-;-;-;-;-;
2015-10-13 15:42:22;-;-;7090;-;-;-;-;-;-;-;-;-;-;
2015-10-13 15:42:26;1751;76;7090;4.8;27.4;-;-;39.5;-;-;-;-;9.3;
2015-10-13 15:42:28;-;76;-;-;27.4;76.3;95;-;89;1.46;87;34138.3;-;
2015-10-13 16:42:26;-;76;-;-;27.4;-;-;-;-;-;-;-;-;
2015-10-13 16:42:29;1709;76;7091;4.68;27.4;-;-;38.1;-;-;-;-;33.7;
2015-10-13 16:42:30;-;-;-;-;-;72;92;-;87;1.32;84;34162.7;-;
2015-10-13 17:42:34;0;-;7092;-;27;-;-;0;-;-;-;-;0;
2015-10-13 17:42:35;0;-;7092;-;27;-;-;0;-;-;-;34201.5;0;
2015-10-13 18:42:20;0;-;7092;-;27;-;-;0;-;-;-;34201.5;0;
2015-10-13 18:42:34;0;-;7092;-;-;-;-;0;-;-;-;34201.5;0;
2015-10-13 18:42:35;0;-;7092;-;-;-;-;0;-;-;-;34201.5;0;
2015-10-13 19:42:34;0;-;7092;-;-;-;-;0;-;-;-;34201.5;0;
2015-10-13 19:42:35;0;-;7092;-;-;-;-;0;-;-;-;34201.5;0;
2015-10-13 19:42:52;0;-;7092;-;26.9;-;-;0;-;-;-;34201.5;0;
2015-10-13 20:42:23;0;-;7092;-;27;-;-;0;-;-;-;34201.5;0;
2015-10-13 20:42:34;0;-;7092;-;27;-;-;0;-;-;-;34201.5;0;
2015-10-13 20:42:35;0;-;7092;-;27;-;-;0;-;-;-;34201.5;0;
2015-10-13 21:42:23;0;-;7092;-;27;-;-;0;-;-;-;34201.5;0;
2015-10-13 21:42:34;0;-;7092;-;27;-;-;0;-;-;-;34201.5;0;
2015-10-13 21:42:35;0;-;7092;-;27;-;-;0;-;-;-;34201.5;0;
2015-10-13 22:42:23;0;-;7092;-;27;-;-;0;-;-;-;34201.5;0;
2015-10-13 22:42:34;0;-;7092;-;27;-;-;0;-;-;-;34201.5;0;
2015-10-13 22:42:35;0;-;7092;-;27;-;-;0;-;-;-;34201.5;0;
2015-10-13 23:42:23;0;-;7092;-;27;-;-;0;-;-;-;34201.5;0;
2015-10-13 23:42:34;0;-;7092;-;27;-;-;0;-;-;-;34201.5;0;
2015-10-13 23:42:35;0;-;7092;-;27;-;-;0;-;-;-;34201.5;0;
2015-10-14 00:42:20;0;-;7092;-;27;-;-;0;-;-;-;34201.5;0;
2015-10-14 00:42:21;-;-;-;-;-;-;-;0;-;-;-;34201.5;-;
2015-10-14 00:42:34;-;-;-;-;-;-;-;0;-;-;-;-;-;
2015-10-14 01:42:34;-;-;-;-;-;-;-;0;-;-;-;-;-;
2015-10-14 01:42:41;651;73;7093;2.4;28.7;-;-;0;-;-;-;-;33.9;
2015-10-14 01:42:43;-;-;7093;-;-;1.8;11;0;5;0.02;73;34235.4;-;
2015-10-14 02:42:31;0;-;7093;-;29;-;-;0;-;-;-;-;0;
2015-10-14 02:42:32;0;-;7093;-;29;-;-;0;-;-;-;34235.5;0;
2015-10-14 02:42:34;0;-;7093;-;29;-;-;0;-;-;-;34235.5;0;
2015-10-14 02:42:41;0;-;7093;-;29;-;-;0;-;-;-;34235.5;0;
2015-10-14 03:42:31;0;-;7093;-;29;-;-;0;-;-;-;34235.5;0;
2015-10-14 03:42:32;0;-;7093;-;29;-;-;0;-;-;-;34235.5;0;
2015-10-14 03:42:34;0;-;7093;-;29;-;-;0;-;-;-;34235.5;0;
2015-10-14 03:42:41;0;-;7093;-;29;-;-;0;-;-;-;34235.5;0;
2015-10-14 04:42:31;0;-;7093;-;29;-;-;0;-;-;-;34235.5;0;
2015-10-14 04:42:32;0;-;7093;-;29;-;-;0;-;-;-;34235.5;0;
2015-10-14 04:42:34;0;-;7093;-;29;-;-;0;-;-;-;34235.5;0;
2015-10-14 04:42:41;0;-;7093;-;29;-;-;0;-;-;-;34235.5;0;
2015-10-14 05:42:31;0;-;7093;-;29;-;-;0;-;-;-;34235.5;0;
2015-10-14 05:42:32;-;-;7093;-;-;-;-;-;-;-;-;34235.5;-;
2015-10-14 05:42:41;-;-;7093;-;-;-;-;-;-;-;-;-;-;
2015-10-14 06:42:23;1802;76;7093;4.68;27.4;-;-;41.5;-;-;-;-;14.7;
2015-10-14 06:42:24;-;-;-;-;-;82.4;100;-;91;1.64;92;34250.3;-;
2015-10-14 07:42:30;0;-;7094;-;27;-;-;0;-;-;-;-;0;
2015-10-14 07:42:32;0;-;7094;-;27;-;-;0;-;-;-;34311.1;0;
2015-10-14 08:42:30;0;-;7094;-;27;-;-;0;-;-;-;34311.1;0;
2015-10-14 08:42:32;0;-;7094;-;27;-;-;0;-;-;-;34311.1;0;
2015-10-14 09:42:19;0;-;7094;-;27;-;-;0;-;-;-;34311.1;0;
2015-10-14 09:42:21;-;-;-;-;-;-;-;-;-;-;-;34311.1;-;
2015-10-14 10:42:28;1794;77;7095;4.64;27.5;-;-;40.8;-;-;-;-;35.6;
2015-10-14 10:42:32;-;-;7095;-;-;82.3;100;-;91;1.62;94;34346.8;-;
2015-10-14 11:42:28;0;-;7095;-;29;-;-;0;-;-;-;-;0;
2015-10-14 11:42:30;0;-;7095;-;29;-;-;0;-;-;-;34359.1;0;
2015-10-14 12:42:28;0;-;7095;-;29;-;-;0;-;-;-;34359.1;0;
2015-10-14 12:42:30;0;-;7095;-;29;-;-;0;-;-;-;34359.1;0;
2015-10-14 13:42:28;0;-;7095;-;29;-;-;0;-;-;-;34359.1;0;
2015-10-14 13:42:30;0;-;7095;-;29;-;-;0;-;-;-;34359.1;0;
2015-10-14 14:42:28;0;-;7095;-;29;-;-;0;-;-;-;34359.1;0;
2015-10-14 14:42:30;0;-;7095;-;29;-;-;0;-;-;-;34359.1;0;
2015-10-14 15:42:28;0;-;7095;-;29;-;-;0;-;-;-;34359.1;0;
2015-10-14 15:42:30;0;-;7095;-;29;-;-;0;-;-;-;34359.1;0;
2015-10-14 16:42:26;0;-;7095;-;29;-;-;0;-;-;-;34359.1;0;
2015-10-14 16:42:27;-;-;7095;-;-;-;-;-;-;-;-;34359.1;-;
2015-10-14 16:42:28;-;-;7095;-;-;-;-;-;-;-;-;-;-;
2015-10-14 17:42:28;-;-;7095;-;-;-;-;-;-;-;-;-;-;
2015-10-14 17:42:32;1800;77;7095;4.6;27.5;-;-;41.5;-;-;-;-;33.9;
2015-10-14 17:42:34;-;-;-;-;-;82.1;100;-;91;1.58;94;34393.2;-;
2015-10-14 18:42:28;0;-;7096;-;29;-;-;0;-;-;-;-;0;
2015-10-14 18:42:30;0;-;7096;-;29;-;-;0;-;-;-;34394.8;0;
2015-10-14 19:42:28;0;-;7096;-;29;-;-;0;-;-;-;34394.8;0;
2015-10-14 19:42:30;0;-;7096;-;29;-;-;0;-;-;-;34394.8;0;
2015-10-14 20:42:28;0;-;7096;-;29;-;-;0;-;-;-;34394.8;0;
2015-10-14 20:42:30;0;-;7096;-;29;-;-;0;-;-;-;34394.8;0;
2015-10-14 21:42:28;0;-;7096;-;29;-;-;0;-;-;-;34394.8;0;
2015-10-14 21:42:30;0;-;7096;-;29;-;-;0;-;-;-;34394.8;0;
2015-10-14 22:42:23;0;-;7096;-;29;-;-;0;-;-;-;34394.8;0;
2015-10-14 22:42:25;-;-;7096;-;-;-;-;-;-;-;-;34394.8;-;
2015-10-14 22:42:28;-;-;7096;-;-;-;-;-;-;-;-;-;-;
2015-10-14 23:42:28;-;-;7096;-;-;-;-;-;-;-;-;-;-;
2015-10-14 23:42:31;1704;75;7096;4.88;27.4;-;-;34;-;-;-;-;23.8;
2015-10-14 23:42:32;-;75;-;4.88;-;76.6;97;-;91;1.4;67;34418.6;-;
2015-10-15 00:42:29;1730;75;7097;4.88;27.5;-;-;39.3;-;-;-;-;4.6;
2015-10-15 00:42:32;-;-;7097;-;-;73.1;91;-;86;1.36;83;34445.9;-;
2015-10-15 01:42:29;-;-;7097;-;-;-;-;-;-;-;-;-;-;
2015-10-15 01:42:33;0;-;7097;-;27;-;-;0;-;-;-;-;0;
2015-10-15 01:42:34;0;-;7097;-;27;-;-;0;-;-;-;34488.5;0;
2015-10-15 02:42:29;0;-;7097;-;27;-;-;0;-;-;-;34488.5;0;
2015-10-15 02:42:33;0;-;7097;-;27;-;-;0;-;-;-;34488.5;0;
2015-10-15 02:42:34;0;-;7097;-;27;-;-;0;-;-;-;34488.5;0;
2015-10-15 03:42:29;0;-;7097;-;27;-;-;0;-;-;-;34488.5;0;
2015-10-15 03:42:31;0;-;7097;-;27;-;-;0;-;-;-;34488.5;0;
2015-10-15 03:42:33;-;-;7097;-;-;-;-;-;-;-;-;34488.5;-;
2015-10-15 04:42:23;1707;75;7097;5;27.5;-;-;38.2;-;-;-;-;5.5;
2015-10-15 04:42:25;-;-;-;-;-;69.9;90;-;85;1.32;82;34494.1;-;
2015-10-15 05:42:32;0;-;7098;-;29;-;-;0;-;-;-;-;0;
2015-10-15 05:42:35;-;-;7098;-;-;-;-;-;-;-;-;34551.3;-;
2015-10-15 06:42:30;650;72;7098;3.48;27.7;-;-;12.1;-;-;-;-;0.1;
2015-10-15 06:42:31;-;-;-;-;-;6.3;36;-;18;0.04;48;34551.5;-;
2015-10-15 07:42:30;0;-;7099;-;27;-;-;0;-;-;-;-;0;
2015-10-15 07:42:32;0;-;7099;-;27;-;-;0;-;-;-;34581.7;0;
2015-10-15 08:42:30;0;-;7099;-;27;-;-;0;-;-;-;34581.7;0;
2015-10-15 08:42:32;0;-;7099;-;27;-;-;0;-;-;-;34581.7;0;
2015-10-15 08:42:33;-;-;7099;-;-;-;-;-;-;-;-;34581.7;-;
2015-10-15 09:42:22;1802;77;7099;4.64;27.4;-;-;41;-;-;-;-;22;
2015-10-15 09:42:24;-;-;-;-;-;82.3;100;-;91;1.64;93;34603.7;-;
2015-10-15 10:42:22;0;-;7100;-;27;-;-;0;-;-;-;-;0;
2015-10-15 10:42:24;0;-;7100;-;27;-;-;0;-;-;-;34630.8;0;
2015-10-15 11:42:22;0;-;7100;-;27;-;-;0;-;-;-;34630.8;0;
2015-10-15 11:42:24;0;-;7100;-;27;-;-;0;-;-;-;34630.8;0;
2015-10-15 12:42:22;0;-;7100;-;27;-;-;0;-;-;-;34630.8;0;
2015-10-15 12:42:24;0;-;7100;-;27;-;-;0;-;-;-;34630.8;0;
2015-10-15 13:42:22;0;-;7100;-;27;-;-;0;-;-;-;34630.8;0;
2015-10-15 13:42:24;0;-;7100;-;27;-;-;0;-;-;-;34630.8;0;
2015-10-15 14:42:22;0;-;7100;-;27;-;-;0;-;-;-;34630.8;0;
2015-10-15 14:42:24;0;-;7100;-;27;-;-;0;-;-;-;34630.8;0;
2015-10-15 14:42:25;0;-;7100;-;27;-;-;0;-;-;-;34630.8;0;
2015-10-15 14:42:26;0;-;7100;-;-;-;-;0;-;-;-;34630.8;0;
2015-10-15 15:42:22;0;-;7100;-;-;-;-;0;-;-;-;-;0;
2015-10-15 15:42:30;0;-;7100;-;29;-;-;0;-;-;-;-;0;
2015-10-15 15:42:32;0;-;7100;-;29;-;-;0;-;-;-;34652.6;0;
2015-10-15 16:42:22;0;-;7100;-;29;-;-;0;-;-;-;34652.6;0;
2015-10-15 16:42:30;0;-;7100;-;29;-;-;0;-;-;-;34652.6;0;
2015-10-15 16:42:32;0;-;7100;-;29;-;-;0;-;-;-;34652.6;0;
2015-10-15 17:42:22;0;-;7100;-;29;-;-;0;-;-;-;34652.6;0;
2015-10-15 17:42:30;0;-;7100;-;29;-;-;0;-;-;-;34652.6;0;
2015-10-15 17:42:32;0;-;7100;-;29;-;-;0;-;-;-;34652.6;0;
2015-10-15 18:42:22;0;-;7100;-;29;-;-;0;-;-;-;34652.6;0;
2015-10-15 18:42:30;0;-;7100;-;29;-;-;0;-;-;-;34652.6;0;
2015-10-15 18:42:32;0;-;7100;-;29;-;-;0;-;-;-;34652.6;0;
2015-10-15 19:42:18;0;-;7100;-;29;-;-;0;-;-;-;34652.6;0;
2015-10-15 19:42:19;-;-;-;-;-;-;-;-;-;-;-;34652.6;-;
2015-10-15 20:42:36;1786;77;7101;4.56;27.4;-;-;40.2;-;-;-;-;40.1;
2015-10-15 20:42:37;-;-;-;-;-;81.8;100;-;91;1.6;94;34692.8;-;
2015-10-15 21:42:30;646;73;7102;2.6;27.5;-;-;8.3;-;-;-;-;74.3;
2015-10-15 21:42:32;-;-;-;-;-;8;46;-;24;0.06;51;34727;-;
2015-10-15 22:42:19;0;-;7103;-;29;-;-;0;-;-;-;-;0;
2015-10-15 22:42:20;-;-;7103;-;-;-;-;-;-;-;-;34753.1;-;
2015-10-15 23:42:19;-;-;7103;-;-;-;-;-;-;-;-;-;-;
2015-10-15 23:42:29;1797;77;7103;4.68;27.4;-;-;41;-;-;-;-;39.3;
2015-10-15 23:42:30;-;-;-;-;-;82.3;100;-;91;1.62;91;34792.5;-;
2015-10-16 00:42:27;0;-;7104;-;27;-;-;0;-;-;-;-;0;
2015-10-16 00:42:28;0;-;7104;-;27;-;-;0;-;-;-;34810.6;0;
2015-10-16 01:42:27;0;-;7104;-;27;-;-;0;-;-;-;34810.6;0;
2015-10-16 01:42:28;0;-;7104;-;27;-;-;0;-;-;-;34810.6;0;
2015-10-16 02:42:27;0;-;7104;-;27;-;-;0;-;-;-;34810.6;0;
2015-10-16 02:42:28;0;-;7104;-;27;-;-;0;-;-;-;34810.6;0;
2015-10-16 03:42:27;0;-;7104;-;27;-;-;0;-;-;-;34810.6;0;
2015-10-16 03:42:28;0;-;7104;-;27;-;-;0;-;-;-;34810.6;0;
2015-10-16 03:42:29;0;-;7104;-;27;-;-;0;-;-;-;34810.6;0;
2015-10-16 04:42:21;0;-;7104;-;26.9;-;-;0;-;-;-;34810.6;0;
2015-10-16 04:42:27;0;-;7104;-;-;-;-;0;-;-;-;34810.6;0;
2015-10-16 04:42:28;0;-;7104;-;-;-;-;0;-;-;-;34810.6;0;
2015-10-16 05:42:22;0;-;7104;-;27;-;-;0;-;-;-;34810.6;0;
2015-10-16 05:42:27;0;-;7104;-;27;-;-;0;-;-;-;34810.6;0;
2015-10-16 05:42:28;0;-;7104;-;27;-;-;0;-;-;-;34810.6;0;
2015-10-16 06:42:22;0;-;7104;-;27;-;-;0;-;-;-;34810.6;0;
2015-10-16 06:42:27;0;-;7104;-;27;-;-;0;-;-;-;34810.6;0;
2015-10-16 06:42:28;0;-;7104;-;27;-;-;0;-;-;-;34810.6;0;
2015-10-16 07:42:22;0;-;7104;-;27;-;-;0;-;-;-;34810.6;0;
2015-10-16 07:42:27;0;-;7104;-;27;-;-;0;-;-;-;34810.6;0;
2015-10-16 07:42:28;0;-;7104;-;27;-;-;0;-;-;-;34810.6;0;
2015-10-16 08:42:22;0;-;7104;-;27;-;-;0;-;-;-;34810.6;0;
2015-10-16 08:42:27;0;-;7104;-;27;-;-;0;-;-;-;34810.6;0;
2015-10-16 08:42:28;0;-;7104;-;27;-;-;0;-;-;-;34810.6;0;
2015-10-16 09:42:22;0;-;7104;-;27;-;-;0;-;-;-;34810.6;0;
2015-10-16 09:42:27;0;-;7104;-;27;-;-;0;-;-;-;34810.6;0;
2015-10-16 09:42:28;0;-;7104;-;27;-;-;0;-;-;-;34810.6;0;
2015-10-16 09:42:29;-;-;-;-;-;-;-;-;-;-;-;34810.6;-;
2015-10-16 10:42:18;0;-;7104;-;27;-;-;0;-;-;-;-;0;
2015-10-16 10:42:19;-;-;-;-;-;-;-;-;-;-;-;34810.6;-;
